-- MySQL dump 10.16  Distrib 10.1.34-MariaDB, for Linux (x86_64)
--
-- Host: localhost    Database: travel
-- ------------------------------------------------------
-- Server version	10.1.34-MariaDB

/*!40101 SET @OLD_CHARACTER_SET_CLIENT=@@CHARACTER_SET_CLIENT */;
/*!40101 SET @OLD_CHARACTER_SET_RESULTS=@@CHARACTER_SET_RESULTS */;
/*!40101 SET @OLD_COLLATION_CONNECTION=@@COLLATION_CONNECTION */;
/*!40101 SET NAMES utf8 */;
/*!40103 SET @OLD_TIME_ZONE=@@TIME_ZONE */;
/*!40103 SET TIME_ZONE='+00:00' */;
/*!40014 SET @OLD_UNIQUE_CHECKS=@@UNIQUE_CHECKS, UNIQUE_CHECKS=0 */;
/*!40014 SET @OLD_FOREIGN_KEY_CHECKS=@@FOREIGN_KEY_CHECKS, FOREIGN_KEY_CHECKS=0 */;
/*!40101 SET @OLD_SQL_MODE=@@SQL_MODE, SQL_MODE='NO_AUTO_VALUE_ON_ZERO' */;
/*!40111 SET @OLD_SQL_NOTES=@@SQL_NOTES, SQL_NOTES=0 */;

--
-- Table structure for table `comment`
--

DROP TABLE IF EXISTS `comment`;
/*!40101 SET @saved_cs_client     = @@character_set_client */;
/*!40101 SET character_set_client = utf8 */;
CREATE TABLE `comment` (
  `id` int(11) NOT NULL AUTO_INCREMENT,
  `guide_id` int(11) DEFAULT NULL,
  `user_id` int(11) DEFAULT NULL,
  `content` varchar(256) COLLATE utf8mb4_unicode_ci DEFAULT NULL,
  `time` datetime DEFAULT NULL,
  PRIMARY KEY (`id`),
  KEY `guide_id` (`guide_id`),
  KEY `user_id` (`user_id`),
  CONSTRAINT `comment_ibfk_1` FOREIGN KEY (`guide_id`) REFERENCES `guide` (`id`),
  CONSTRAINT `comment_ibfk_2` FOREIGN KEY (`user_id`) REFERENCES `user` (`id`)
) ENGINE=InnoDB AUTO_INCREMENT=1004 DEFAULT CHARSET=utf8mb4 COLLATE=utf8mb4_unicode_ci;
/*!40101 SET character_set_client = @saved_cs_client */;

--
-- Dumping data for table `comment`
--

LOCK TABLES `comment` WRITE;
/*!40000 ALTER TABLE `comment` DISABLE KEYS */;
INSERT INTO `comment` VALUES (1,26,23,'54','0000-00-00 00:00:00'),(2,24,48,'28','0000-00-00 00:00:00'),(3,35,13,'6','0000-00-00 00:00:00'),(4,2,21,'95','0000-00-00 00:00:00'),(5,67,26,'51','0000-00-00 00:00:00'),(6,47,35,'38','0000-00-00 00:00:00'),(7,88,29,'6','0000-00-00 00:00:00'),(8,93,30,'38','0000-00-00 00:00:00'),(9,31,25,'96','0000-00-00 00:00:00'),(10,75,14,'37','0000-00-00 00:00:00'),(11,65,18,'66','0000-00-00 00:00:00'),(12,50,17,'53','0000-00-00 00:00:00'),(13,65,27,'42','0000-00-00 00:00:00'),(14,49,34,'11','0000-00-00 00:00:00'),(15,43,41,'19','0000-00-00 00:00:00'),(16,53,24,'57','0000-00-00 00:00:00'),(17,15,50,'43','0000-00-00 00:00:00'),(18,75,29,'32','0000-00-00 00:00:00'),(19,3,8,'100','0000-00-00 00:00:00'),(20,31,21,'46','0000-00-00 00:00:00'),(21,37,39,'34','0000-00-00 00:00:00'),(22,79,14,'64','0000-00-00 00:00:00'),(23,13,23,'12','0000-00-00 00:00:00'),(24,17,11,'43','0000-00-00 00:00:00'),(25,22,13,'24','0000-00-00 00:00:00'),(26,62,16,'26','0000-00-00 00:00:00'),(27,33,47,'48','0000-00-00 00:00:00'),(28,79,27,'32','0000-00-00 00:00:00'),(29,15,5,'31','0000-00-00 00:00:00'),(30,97,22,'97','0000-00-00 00:00:00'),(31,14,21,'32','0000-00-00 00:00:00'),(32,100,41,'76','0000-00-00 00:00:00'),(33,69,14,'96','0000-00-00 00:00:00'),(34,13,26,'54','0000-00-00 00:00:00'),(35,47,1,'13','0000-00-00 00:00:00'),(36,79,27,'43','0000-00-00 00:00:00'),(37,74,14,'17','0000-00-00 00:00:00'),(38,23,30,'60','0000-00-00 00:00:00'),(39,71,29,'44','0000-00-00 00:00:00'),(40,34,37,'75','0000-00-00 00:00:00'),(41,66,4,'4','0000-00-00 00:00:00'),(42,84,10,'31','0000-00-00 00:00:00'),(43,82,49,'61','0000-00-00 00:00:00'),(44,6,14,'4','0000-00-00 00:00:00'),(45,79,10,'60','0000-00-00 00:00:00'),(46,2,31,'9','0000-00-00 00:00:00'),(47,33,3,'33','0000-00-00 00:00:00'),(48,28,36,'51','0000-00-00 00:00:00'),(49,51,18,'35','0000-00-00 00:00:00'),(50,44,15,'60','0000-00-00 00:00:00'),(51,58,14,'9','0000-00-00 00:00:00'),(52,64,2,'41','0000-00-00 00:00:00'),(53,45,40,'62','0000-00-00 00:00:00'),(54,55,17,'13','0000-00-00 00:00:00'),(55,100,29,'61','0000-00-00 00:00:00'),(56,58,23,'67','0000-00-00 00:00:00'),(57,47,3,'79','0000-00-00 00:00:00'),(58,96,15,'48','0000-00-00 00:00:00'),(59,31,41,'84','0000-00-00 00:00:00'),(60,64,47,'34','0000-00-00 00:00:00'),(61,2,24,'76','0000-00-00 00:00:00'),(62,57,1,'79','0000-00-00 00:00:00'),(63,83,5,'91','0000-00-00 00:00:00'),(64,29,47,'6','0000-00-00 00:00:00'),(65,62,22,'22','0000-00-00 00:00:00'),(66,28,6,'40','0000-00-00 00:00:00'),(67,56,40,'31','0000-00-00 00:00:00'),(68,80,12,'98','0000-00-00 00:00:00'),(69,52,8,'29','0000-00-00 00:00:00'),(70,90,6,'69','0000-00-00 00:00:00'),(71,48,32,'35','0000-00-00 00:00:00'),(72,77,31,'67','0000-00-00 00:00:00'),(73,72,42,'89','0000-00-00 00:00:00'),(74,19,36,'67','0000-00-00 00:00:00'),(75,38,25,'2','0000-00-00 00:00:00'),(76,4,14,'68','0000-00-00 00:00:00'),(77,45,2,'38','0000-00-00 00:00:00'),(78,38,11,'23','0000-00-00 00:00:00'),(79,62,42,'19','0000-00-00 00:00:00'),(80,52,46,'39','0000-00-00 00:00:00'),(81,7,19,'82','0000-00-00 00:00:00'),(82,28,32,'12','0000-00-00 00:00:00'),(83,5,25,'61','0000-00-00 00:00:00'),(84,50,22,'37','0000-00-00 00:00:00'),(85,66,24,'49','0000-00-00 00:00:00'),(86,18,17,'66','0000-00-00 00:00:00'),(87,86,13,'54','0000-00-00 00:00:00'),(88,25,42,'21','0000-00-00 00:00:00'),(89,65,28,'65','0000-00-00 00:00:00'),(90,62,9,'77','0000-00-00 00:00:00'),(91,38,50,'43','0000-00-00 00:00:00'),(92,35,9,'50','0000-00-00 00:00:00'),(93,9,25,'52','0000-00-00 00:00:00'),(94,28,36,'81','0000-00-00 00:00:00'),(95,33,27,'22','0000-00-00 00:00:00'),(96,19,38,'30','0000-00-00 00:00:00'),(97,37,24,'68','0000-00-00 00:00:00'),(98,95,46,'14','0000-00-00 00:00:00'),(99,98,41,'51','0000-00-00 00:00:00'),(100,19,8,'76','0000-00-00 00:00:00'),(101,38,17,'18','0000-00-00 00:00:00'),(102,73,29,'75','0000-00-00 00:00:00'),(103,71,10,'80','0000-00-00 00:00:00'),(104,49,30,'78','0000-00-00 00:00:00'),(105,22,31,'35','0000-00-00 00:00:00'),(106,1,23,'6','0000-00-00 00:00:00'),(107,79,20,'86','0000-00-00 00:00:00'),(108,71,40,'65','0000-00-00 00:00:00'),(109,26,46,'91','0000-00-00 00:00:00'),(110,23,44,'55','0000-00-00 00:00:00'),(111,48,50,'77','0000-00-00 00:00:00'),(112,11,36,'95','0000-00-00 00:00:00'),(113,20,8,'99','0000-00-00 00:00:00'),(114,89,5,'10','0000-00-00 00:00:00'),(115,59,28,'57','0000-00-00 00:00:00'),(116,35,49,'95','0000-00-00 00:00:00'),(117,74,42,'58','0000-00-00 00:00:00'),(118,34,5,'75','0000-00-00 00:00:00'),(119,83,10,'78','0000-00-00 00:00:00'),(120,15,43,'54','0000-00-00 00:00:00'),(121,85,28,'85','0000-00-00 00:00:00'),(122,43,47,'27','0000-00-00 00:00:00'),(123,84,46,'60','0000-00-00 00:00:00'),(124,81,45,'33','0000-00-00 00:00:00'),(125,61,3,'11','0000-00-00 00:00:00'),(126,91,12,'63','0000-00-00 00:00:00'),(127,64,44,'68','0000-00-00 00:00:00'),(128,36,27,'71','0000-00-00 00:00:00'),(129,100,25,'51','0000-00-00 00:00:00'),(130,89,50,'17','0000-00-00 00:00:00'),(131,45,38,'76','0000-00-00 00:00:00'),(132,95,16,'3','0000-00-00 00:00:00'),(133,31,38,'91','0000-00-00 00:00:00'),(134,84,3,'89','0000-00-00 00:00:00'),(135,18,37,'50','0000-00-00 00:00:00'),(136,24,23,'83','0000-00-00 00:00:00'),(137,37,32,'47','0000-00-00 00:00:00'),(138,89,18,'73','0000-00-00 00:00:00'),(139,84,8,'52','0000-00-00 00:00:00'),(140,9,2,'65','0000-00-00 00:00:00'),(141,73,26,'17','0000-00-00 00:00:00'),(142,52,22,'75','0000-00-00 00:00:00'),(143,21,11,'79','0000-00-00 00:00:00'),(144,51,43,'35','0000-00-00 00:00:00'),(145,36,35,'87','0000-00-00 00:00:00'),(146,15,16,'3','0000-00-00 00:00:00'),(147,77,26,'95','0000-00-00 00:00:00'),(148,36,4,'32','0000-00-00 00:00:00'),(149,32,33,'91','0000-00-00 00:00:00'),(150,26,21,'74','0000-00-00 00:00:00'),(151,38,14,'76','0000-00-00 00:00:00'),(152,7,22,'61','0000-00-00 00:00:00'),(153,6,10,'35','0000-00-00 00:00:00'),(154,97,2,'100','0000-00-00 00:00:00'),(155,77,31,'27','0000-00-00 00:00:00'),(156,51,13,'27','0000-00-00 00:00:00'),(157,32,38,'6','0000-00-00 00:00:00'),(158,96,47,'5','0000-00-00 00:00:00'),(159,48,42,'86','0000-00-00 00:00:00'),(160,26,35,'86','0000-00-00 00:00:00'),(161,27,31,'49','0000-00-00 00:00:00'),(162,48,48,'66','0000-00-00 00:00:00'),(163,65,42,'97','0000-00-00 00:00:00'),(164,92,45,'10','0000-00-00 00:00:00'),(165,66,13,'17','0000-00-00 00:00:00'),(166,10,29,'78','0000-00-00 00:00:00'),(167,40,24,'51','0000-00-00 00:00:00'),(168,64,48,'4','0000-00-00 00:00:00'),(169,59,17,'77','0000-00-00 00:00:00'),(170,3,42,'31','0000-00-00 00:00:00'),(171,69,30,'32','0000-00-00 00:00:00'),(172,24,33,'93','0000-00-00 00:00:00'),(173,76,48,'4','0000-00-00 00:00:00'),(174,45,49,'77','0000-00-00 00:00:00'),(175,22,9,'89','0000-00-00 00:00:00'),(176,50,3,'16','0000-00-00 00:00:00'),(177,71,27,'1','0000-00-00 00:00:00'),(178,24,34,'92','0000-00-00 00:00:00'),(179,38,39,'37','0000-00-00 00:00:00'),(180,57,31,'38','0000-00-00 00:00:00'),(181,94,2,'87','0000-00-00 00:00:00'),(182,40,7,'79','0000-00-00 00:00:00'),(183,43,44,'45','0000-00-00 00:00:00'),(184,12,11,'64','0000-00-00 00:00:00'),(185,7,41,'12','0000-00-00 00:00:00'),(186,28,5,'79','0000-00-00 00:00:00'),(187,93,3,'72','0000-00-00 00:00:00'),(188,7,42,'87','0000-00-00 00:00:00'),(189,68,45,'84','0000-00-00 00:00:00'),(190,5,44,'46','0000-00-00 00:00:00'),(191,70,42,'68','0000-00-00 00:00:00'),(192,64,48,'83','0000-00-00 00:00:00'),(193,59,49,'42','0000-00-00 00:00:00'),(194,75,1,'22','0000-00-00 00:00:00'),(195,77,40,'17','0000-00-00 00:00:00'),(196,36,17,'26','0000-00-00 00:00:00'),(197,38,18,'83','0000-00-00 00:00:00'),(198,95,47,'70','0000-00-00 00:00:00'),(199,85,43,'37','0000-00-00 00:00:00'),(200,36,27,'55','0000-00-00 00:00:00'),(201,91,17,'100','0000-00-00 00:00:00'),(202,47,36,'54','0000-00-00 00:00:00'),(203,17,16,'22','0000-00-00 00:00:00'),(204,16,32,'82','0000-00-00 00:00:00'),(205,34,45,'37','0000-00-00 00:00:00'),(206,11,5,'29','0000-00-00 00:00:00'),(207,10,6,'48','0000-00-00 00:00:00'),(208,20,40,'49','0000-00-00 00:00:00'),(209,86,27,'8','0000-00-00 00:00:00'),(210,58,37,'95','0000-00-00 00:00:00'),(211,78,25,'7','0000-00-00 00:00:00'),(212,91,17,'96','0000-00-00 00:00:00'),(213,49,15,'16','0000-00-00 00:00:00'),(214,55,23,'26','0000-00-00 00:00:00'),(215,16,27,'22','0000-00-00 00:00:00'),(216,27,12,'58','0000-00-00 00:00:00'),(217,25,9,'47','0000-00-00 00:00:00'),(218,2,42,'82','0000-00-00 00:00:00'),(219,97,12,'70','0000-00-00 00:00:00'),(220,32,5,'64','0000-00-00 00:00:00'),(221,6,32,'93','0000-00-00 00:00:00'),(222,74,15,'46','0000-00-00 00:00:00'),(223,40,20,'11','0000-00-00 00:00:00'),(224,65,43,'37','0000-00-00 00:00:00'),(225,64,9,'9','0000-00-00 00:00:00'),(226,81,43,'79','0000-00-00 00:00:00'),(227,1,1,'13','0000-00-00 00:00:00'),(228,51,40,'14','0000-00-00 00:00:00'),(229,77,39,'32','0000-00-00 00:00:00'),(230,40,18,'50','0000-00-00 00:00:00'),(231,57,5,'78','0000-00-00 00:00:00'),(232,92,7,'75','0000-00-00 00:00:00'),(233,83,30,'4','0000-00-00 00:00:00'),(234,35,25,'51','0000-00-00 00:00:00'),(235,83,26,'45','0000-00-00 00:00:00'),(236,42,36,'65','0000-00-00 00:00:00'),(237,39,21,'93','0000-00-00 00:00:00'),(238,70,26,'20','0000-00-00 00:00:00'),(239,52,24,'99','0000-00-00 00:00:00'),(240,40,48,'4','0000-00-00 00:00:00'),(241,36,23,'6','0000-00-00 00:00:00'),(242,90,37,'43','0000-00-00 00:00:00'),(243,56,1,'95','0000-00-00 00:00:00'),(244,32,5,'42','0000-00-00 00:00:00'),(245,17,47,'35','0000-00-00 00:00:00'),(246,79,13,'49','0000-00-00 00:00:00'),(247,27,29,'100','0000-00-00 00:00:00'),(248,77,32,'38','0000-00-00 00:00:00'),(249,94,50,'83','0000-00-00 00:00:00'),(250,22,21,'79','0000-00-00 00:00:00'),(251,17,37,'60','0000-00-00 00:00:00'),(252,85,10,'96','0000-00-00 00:00:00'),(253,22,47,'40','0000-00-00 00:00:00'),(254,51,21,'23','0000-00-00 00:00:00'),(255,75,41,'99','0000-00-00 00:00:00'),(256,23,31,'31','0000-00-00 00:00:00'),(257,39,7,'35','0000-00-00 00:00:00'),(258,35,9,'39','0000-00-00 00:00:00'),(259,6,8,'78','0000-00-00 00:00:00'),(260,80,27,'2','0000-00-00 00:00:00'),(261,2,30,'25','0000-00-00 00:00:00'),(262,86,13,'81','0000-00-00 00:00:00'),(263,12,42,'14','0000-00-00 00:00:00'),(264,99,11,'38','0000-00-00 00:00:00'),(265,56,37,'53','0000-00-00 00:00:00'),(266,4,30,'2','0000-00-00 00:00:00'),(267,86,37,'29','0000-00-00 00:00:00'),(268,32,37,'36','0000-00-00 00:00:00'),(269,99,49,'13','0000-00-00 00:00:00'),(270,29,32,'82','0000-00-00 00:00:00'),(271,69,37,'29','0000-00-00 00:00:00'),(272,40,8,'10','0000-00-00 00:00:00'),(273,31,12,'58','0000-00-00 00:00:00'),(274,41,25,'68','0000-00-00 00:00:00'),(275,15,23,'15','0000-00-00 00:00:00'),(276,32,7,'29','0000-00-00 00:00:00'),(277,89,43,'33','0000-00-00 00:00:00'),(278,25,9,'13','0000-00-00 00:00:00'),(279,5,18,'85','0000-00-00 00:00:00'),(280,36,33,'68','0000-00-00 00:00:00'),(281,78,50,'7','0000-00-00 00:00:00'),(282,2,4,'80','0000-00-00 00:00:00'),(283,36,2,'11','0000-00-00 00:00:00'),(284,47,4,'65','0000-00-00 00:00:00'),(285,64,1,'71','0000-00-00 00:00:00'),(286,41,30,'59','0000-00-00 00:00:00'),(287,18,11,'13','0000-00-00 00:00:00'),(288,38,11,'15','0000-00-00 00:00:00'),(289,99,38,'50','0000-00-00 00:00:00'),(290,18,29,'20','0000-00-00 00:00:00'),(291,11,11,'66','0000-00-00 00:00:00'),(292,53,15,'92','0000-00-00 00:00:00'),(293,60,48,'43','0000-00-00 00:00:00'),(294,69,1,'34','0000-00-00 00:00:00'),(295,5,14,'58','0000-00-00 00:00:00'),(296,33,40,'47','0000-00-00 00:00:00'),(297,100,9,'51','0000-00-00 00:00:00'),(298,23,46,'89','0000-00-00 00:00:00'),(299,23,40,'44','0000-00-00 00:00:00'),(300,45,19,'18','0000-00-00 00:00:00'),(301,43,38,'2','0000-00-00 00:00:00'),(302,32,41,'92','0000-00-00 00:00:00'),(303,40,17,'30','0000-00-00 00:00:00'),(304,39,39,'40','0000-00-00 00:00:00'),(305,85,4,'62','0000-00-00 00:00:00'),(306,7,50,'28','0000-00-00 00:00:00'),(307,59,43,'79','0000-00-00 00:00:00'),(308,15,7,'33','0000-00-00 00:00:00'),(309,42,49,'97','0000-00-00 00:00:00'),(310,4,49,'72','0000-00-00 00:00:00'),(311,10,9,'29','0000-00-00 00:00:00'),(312,29,18,'31','0000-00-00 00:00:00'),(313,7,49,'99','0000-00-00 00:00:00'),(314,79,23,'11','0000-00-00 00:00:00'),(315,40,4,'58','0000-00-00 00:00:00'),(316,27,28,'23','0000-00-00 00:00:00'),(317,24,42,'41','0000-00-00 00:00:00'),(318,88,35,'5','0000-00-00 00:00:00'),(319,5,5,'73','0000-00-00 00:00:00'),(320,72,26,'95','0000-00-00 00:00:00'),(321,59,45,'80','0000-00-00 00:00:00'),(322,70,39,'71','0000-00-00 00:00:00'),(323,80,4,'55','0000-00-00 00:00:00'),(324,12,12,'67','0000-00-00 00:00:00'),(325,61,21,'67','0000-00-00 00:00:00'),(326,49,41,'43','0000-00-00 00:00:00'),(327,51,10,'1','0000-00-00 00:00:00'),(328,34,11,'12','0000-00-00 00:00:00'),(329,87,44,'17','0000-00-00 00:00:00'),(330,92,26,'16','0000-00-00 00:00:00'),(331,1,48,'38','0000-00-00 00:00:00'),(332,60,16,'51','0000-00-00 00:00:00'),(333,97,21,'17','0000-00-00 00:00:00'),(334,21,45,'8','0000-00-00 00:00:00'),(335,68,50,'51','0000-00-00 00:00:00'),(336,68,45,'65','0000-00-00 00:00:00'),(337,71,21,'6','0000-00-00 00:00:00'),(338,18,10,'67','0000-00-00 00:00:00'),(339,21,17,'92','0000-00-00 00:00:00'),(340,84,28,'99','0000-00-00 00:00:00'),(341,65,31,'46','0000-00-00 00:00:00'),(342,65,15,'77','0000-00-00 00:00:00'),(343,51,30,'40','0000-00-00 00:00:00'),(344,53,9,'34','0000-00-00 00:00:00'),(345,100,50,'95','0000-00-00 00:00:00'),(346,73,18,'59','0000-00-00 00:00:00'),(347,34,8,'81','0000-00-00 00:00:00'),(348,47,37,'64','0000-00-00 00:00:00'),(349,85,15,'99','0000-00-00 00:00:00'),(350,94,47,'1','0000-00-00 00:00:00'),(351,48,36,'18','0000-00-00 00:00:00'),(352,43,13,'81','0000-00-00 00:00:00'),(353,32,2,'35','0000-00-00 00:00:00'),(354,77,30,'75','0000-00-00 00:00:00'),(355,26,36,'42','0000-00-00 00:00:00'),(356,48,18,'87','0000-00-00 00:00:00'),(357,41,15,'20','0000-00-00 00:00:00'),(358,17,6,'18','0000-00-00 00:00:00'),(359,25,34,'18','0000-00-00 00:00:00'),(360,77,15,'3','0000-00-00 00:00:00'),(361,76,8,'22','0000-00-00 00:00:00'),(362,7,47,'95','0000-00-00 00:00:00'),(363,15,35,'44','0000-00-00 00:00:00'),(364,31,6,'42','0000-00-00 00:00:00'),(365,91,40,'28','0000-00-00 00:00:00'),(366,73,41,'7','0000-00-00 00:00:00'),(367,40,1,'30','0000-00-00 00:00:00'),(368,15,37,'75','0000-00-00 00:00:00'),(369,91,20,'56','0000-00-00 00:00:00'),(370,33,42,'15','0000-00-00 00:00:00'),(371,79,33,'15','0000-00-00 00:00:00'),(372,40,28,'22','0000-00-00 00:00:00'),(373,97,46,'8','0000-00-00 00:00:00'),(374,24,21,'55','0000-00-00 00:00:00'),(375,38,7,'86','0000-00-00 00:00:00'),(376,64,32,'35','0000-00-00 00:00:00'),(377,4,38,'92','0000-00-00 00:00:00'),(378,21,3,'88','0000-00-00 00:00:00'),(379,94,43,'24','0000-00-00 00:00:00'),(380,35,46,'95','0000-00-00 00:00:00'),(381,80,14,'2','0000-00-00 00:00:00'),(382,74,4,'20','0000-00-00 00:00:00'),(383,38,10,'67','0000-00-00 00:00:00'),(384,36,14,'85','0000-00-00 00:00:00'),(385,57,1,'84','0000-00-00 00:00:00'),(386,83,23,'24','0000-00-00 00:00:00'),(387,80,42,'21','0000-00-00 00:00:00'),(388,33,29,'92','0000-00-00 00:00:00'),(389,34,15,'30','0000-00-00 00:00:00'),(390,10,16,'53','0000-00-00 00:00:00'),(391,55,24,'41','0000-00-00 00:00:00'),(392,47,34,'97','0000-00-00 00:00:00'),(393,86,1,'13','0000-00-00 00:00:00'),(394,41,18,'8','0000-00-00 00:00:00'),(395,43,22,'98','0000-00-00 00:00:00'),(396,47,29,'65','0000-00-00 00:00:00'),(397,80,25,'77','0000-00-00 00:00:00'),(398,65,18,'56','0000-00-00 00:00:00'),(399,95,13,'75','0000-00-00 00:00:00'),(400,90,36,'2','0000-00-00 00:00:00'),(401,80,12,'86','0000-00-00 00:00:00'),(402,74,25,'47','0000-00-00 00:00:00'),(403,22,15,'97','0000-00-00 00:00:00'),(404,65,16,'63','0000-00-00 00:00:00'),(405,24,22,'93','0000-00-00 00:00:00'),(406,83,36,'64','0000-00-00 00:00:00'),(407,78,3,'92','0000-00-00 00:00:00'),(408,82,33,'16','0000-00-00 00:00:00'),(409,77,45,'87','0000-00-00 00:00:00'),(410,69,38,'79','0000-00-00 00:00:00'),(411,46,24,'75','0000-00-00 00:00:00'),(412,92,45,'77','0000-00-00 00:00:00'),(413,60,26,'68','0000-00-00 00:00:00'),(414,17,37,'78','0000-00-00 00:00:00'),(415,13,28,'11','0000-00-00 00:00:00'),(416,78,27,'88','0000-00-00 00:00:00'),(417,2,35,'37','0000-00-00 00:00:00'),(418,65,20,'74','0000-00-00 00:00:00'),(419,1,46,'51','0000-00-00 00:00:00'),(420,38,13,'61','0000-00-00 00:00:00'),(421,24,33,'14','0000-00-00 00:00:00'),(422,94,21,'59','0000-00-00 00:00:00'),(423,46,23,'82','0000-00-00 00:00:00'),(424,93,34,'27','0000-00-00 00:00:00'),(425,57,27,'6','0000-00-00 00:00:00'),(426,7,15,'54','0000-00-00 00:00:00'),(427,18,22,'44','0000-00-00 00:00:00'),(428,62,28,'24','0000-00-00 00:00:00'),(429,4,22,'10','0000-00-00 00:00:00'),(430,63,28,'26','0000-00-00 00:00:00'),(431,33,37,'35','0000-00-00 00:00:00'),(432,39,18,'51','0000-00-00 00:00:00'),(433,53,28,'86','0000-00-00 00:00:00'),(434,58,38,'55','0000-00-00 00:00:00'),(435,34,35,'28','0000-00-00 00:00:00'),(436,42,3,'60','0000-00-00 00:00:00'),(437,19,4,'78','0000-00-00 00:00:00'),(438,82,16,'5','0000-00-00 00:00:00'),(439,82,45,'40','0000-00-00 00:00:00'),(440,68,49,'29','0000-00-00 00:00:00'),(441,22,13,'57','0000-00-00 00:00:00'),(442,55,5,'56','0000-00-00 00:00:00'),(443,10,20,'17','0000-00-00 00:00:00'),(444,2,11,'28','0000-00-00 00:00:00'),(445,100,45,'23','0000-00-00 00:00:00'),(446,29,1,'97','0000-00-00 00:00:00'),(447,28,1,'95','0000-00-00 00:00:00'),(448,92,24,'25','0000-00-00 00:00:00'),(449,28,8,'30','0000-00-00 00:00:00'),(450,25,33,'34','0000-00-00 00:00:00'),(451,92,43,'15','0000-00-00 00:00:00'),(452,3,37,'77','0000-00-00 00:00:00'),(453,53,32,'38','0000-00-00 00:00:00'),(454,44,21,'39','0000-00-00 00:00:00'),(455,5,41,'49','0000-00-00 00:00:00'),(456,42,5,'74','0000-00-00 00:00:00'),(457,43,26,'8','0000-00-00 00:00:00'),(458,24,28,'30','0000-00-00 00:00:00'),(459,57,32,'30','0000-00-00 00:00:00'),(460,60,10,'88','0000-00-00 00:00:00'),(461,73,21,'98','0000-00-00 00:00:00'),(462,71,32,'99','0000-00-00 00:00:00'),(463,78,1,'50','0000-00-00 00:00:00'),(464,1,33,'45','0000-00-00 00:00:00'),(465,11,12,'16','0000-00-00 00:00:00'),(466,94,45,'68','0000-00-00 00:00:00'),(467,26,21,'83','0000-00-00 00:00:00'),(468,11,40,'3','0000-00-00 00:00:00'),(469,10,49,'72','0000-00-00 00:00:00'),(470,87,43,'46','0000-00-00 00:00:00'),(471,72,9,'55','0000-00-00 00:00:00'),(472,73,31,'16','0000-00-00 00:00:00'),(473,74,9,'20','0000-00-00 00:00:00'),(474,27,44,'76','0000-00-00 00:00:00'),(475,92,15,'4','0000-00-00 00:00:00'),(476,27,45,'36','0000-00-00 00:00:00'),(477,81,16,'100','0000-00-00 00:00:00'),(478,11,18,'37','0000-00-00 00:00:00'),(479,28,49,'25','0000-00-00 00:00:00'),(480,82,4,'77','0000-00-00 00:00:00'),(481,12,42,'31','0000-00-00 00:00:00'),(482,66,49,'70','0000-00-00 00:00:00'),(483,11,16,'78','0000-00-00 00:00:00'),(484,42,35,'51','0000-00-00 00:00:00'),(485,40,30,'75','0000-00-00 00:00:00'),(486,7,4,'27','0000-00-00 00:00:00'),(487,18,42,'38','0000-00-00 00:00:00'),(488,45,28,'73','0000-00-00 00:00:00'),(489,8,29,'19','0000-00-00 00:00:00'),(490,91,9,'64','0000-00-00 00:00:00'),(491,66,39,'86','0000-00-00 00:00:00'),(492,93,8,'29','0000-00-00 00:00:00'),(493,28,37,'95','0000-00-00 00:00:00'),(494,54,21,'98','0000-00-00 00:00:00'),(495,38,3,'79','0000-00-00 00:00:00'),(496,36,2,'61','0000-00-00 00:00:00'),(497,51,27,'71','0000-00-00 00:00:00'),(498,61,49,'58','0000-00-00 00:00:00'),(499,20,41,'62','0000-00-00 00:00:00'),(500,31,42,'83','0000-00-00 00:00:00'),(501,97,34,'54','0000-00-00 00:00:00'),(502,36,31,'27','0000-00-00 00:00:00'),(503,60,44,'85','0000-00-00 00:00:00'),(504,92,10,'5','0000-00-00 00:00:00'),(505,60,31,'67','0000-00-00 00:00:00'),(506,63,50,'55','0000-00-00 00:00:00'),(507,9,45,'97','0000-00-00 00:00:00'),(508,56,41,'100','0000-00-00 00:00:00'),(509,89,9,'12','0000-00-00 00:00:00'),(510,76,8,'28','0000-00-00 00:00:00'),(511,27,32,'97','0000-00-00 00:00:00'),(512,62,47,'69','0000-00-00 00:00:00'),(513,41,6,'19','0000-00-00 00:00:00'),(514,69,16,'71','0000-00-00 00:00:00'),(515,36,28,'62','0000-00-00 00:00:00'),(516,80,21,'5','0000-00-00 00:00:00'),(517,15,2,'3','0000-00-00 00:00:00'),(518,43,48,'68','0000-00-00 00:00:00'),(519,60,2,'56','0000-00-00 00:00:00'),(520,29,42,'36','0000-00-00 00:00:00'),(521,80,6,'58','0000-00-00 00:00:00'),(522,32,41,'97','0000-00-00 00:00:00'),(523,35,28,'67','0000-00-00 00:00:00'),(524,94,19,'73','0000-00-00 00:00:00'),(525,30,22,'69','0000-00-00 00:00:00'),(526,68,38,'44','0000-00-00 00:00:00'),(527,5,9,'55','0000-00-00 00:00:00'),(528,5,43,'100','0000-00-00 00:00:00'),(529,24,16,'98','0000-00-00 00:00:00'),(530,98,8,'83','0000-00-00 00:00:00'),(531,98,32,'12','0000-00-00 00:00:00'),(532,35,1,'14','0000-00-00 00:00:00'),(533,15,11,'86','0000-00-00 00:00:00'),(534,26,30,'36','0000-00-00 00:00:00'),(535,63,43,'40','0000-00-00 00:00:00'),(536,74,7,'21','0000-00-00 00:00:00'),(537,38,42,'23','0000-00-00 00:00:00'),(538,95,46,'32','0000-00-00 00:00:00'),(539,19,36,'31','0000-00-00 00:00:00'),(540,82,23,'70','0000-00-00 00:00:00'),(541,4,19,'89','0000-00-00 00:00:00'),(542,48,7,'74','0000-00-00 00:00:00'),(543,21,12,'62','0000-00-00 00:00:00'),(544,3,40,'36','0000-00-00 00:00:00'),(545,98,8,'8','0000-00-00 00:00:00'),(546,38,31,'87','0000-00-00 00:00:00'),(547,8,6,'23','0000-00-00 00:00:00'),(548,19,42,'32','0000-00-00 00:00:00'),(549,30,18,'98','0000-00-00 00:00:00'),(550,80,8,'91','0000-00-00 00:00:00'),(551,47,50,'31','0000-00-00 00:00:00'),(552,8,30,'68','0000-00-00 00:00:00'),(553,15,41,'9','0000-00-00 00:00:00'),(554,5,16,'36','0000-00-00 00:00:00'),(555,15,2,'23','0000-00-00 00:00:00'),(556,29,49,'47','0000-00-00 00:00:00'),(557,35,43,'59','0000-00-00 00:00:00'),(558,28,27,'58','0000-00-00 00:00:00'),(559,92,15,'48','0000-00-00 00:00:00'),(560,50,22,'100','0000-00-00 00:00:00'),(561,98,26,'64','0000-00-00 00:00:00'),(562,41,29,'90','0000-00-00 00:00:00'),(563,69,7,'33','0000-00-00 00:00:00'),(564,19,43,'65','0000-00-00 00:00:00'),(565,35,18,'93','0000-00-00 00:00:00'),(566,82,39,'8','0000-00-00 00:00:00'),(567,68,34,'98','0000-00-00 00:00:00'),(568,91,22,'66','0000-00-00 00:00:00'),(569,97,16,'92','0000-00-00 00:00:00'),(570,50,42,'94','0000-00-00 00:00:00'),(571,86,18,'73','0000-00-00 00:00:00'),(572,86,36,'57','0000-00-00 00:00:00'),(573,33,1,'47','0000-00-00 00:00:00'),(574,15,21,'6','0000-00-00 00:00:00'),(575,27,9,'35','0000-00-00 00:00:00'),(576,32,36,'7','0000-00-00 00:00:00'),(577,15,30,'43','0000-00-00 00:00:00'),(578,94,19,'76','0000-00-00 00:00:00'),(579,59,46,'85','0000-00-00 00:00:00'),(580,56,47,'41','0000-00-00 00:00:00'),(581,45,40,'33','0000-00-00 00:00:00'),(582,35,16,'97','0000-00-00 00:00:00'),(583,10,40,'65','0000-00-00 00:00:00'),(584,21,15,'87','0000-00-00 00:00:00'),(585,30,49,'23','0000-00-00 00:00:00'),(586,26,44,'94','0000-00-00 00:00:00'),(587,4,9,'80','0000-00-00 00:00:00'),(588,57,49,'85','0000-00-00 00:00:00'),(589,87,24,'29','0000-00-00 00:00:00'),(590,29,41,'84','0000-00-00 00:00:00'),(591,78,10,'54','0000-00-00 00:00:00'),(592,77,38,'40','0000-00-00 00:00:00'),(593,43,43,'66','0000-00-00 00:00:00'),(594,39,33,'74','0000-00-00 00:00:00'),(595,65,7,'52','0000-00-00 00:00:00'),(596,27,30,'58','0000-00-00 00:00:00'),(597,49,18,'39','0000-00-00 00:00:00'),(598,35,28,'61','0000-00-00 00:00:00'),(599,86,49,'16','0000-00-00 00:00:00'),(600,67,48,'63','0000-00-00 00:00:00'),(601,65,32,'1','0000-00-00 00:00:00'),(602,14,20,'75','0000-00-00 00:00:00'),(603,24,30,'81','0000-00-00 00:00:00'),(604,53,3,'22','0000-00-00 00:00:00'),(605,63,16,'97','0000-00-00 00:00:00'),(606,82,7,'27','0000-00-00 00:00:00'),(607,1,48,'48','0000-00-00 00:00:00'),(608,84,47,'64','0000-00-00 00:00:00'),(609,30,39,'75','0000-00-00 00:00:00'),(610,98,50,'77','0000-00-00 00:00:00'),(611,50,25,'86','0000-00-00 00:00:00'),(612,56,3,'100','0000-00-00 00:00:00'),(613,16,37,'53','0000-00-00 00:00:00'),(614,6,21,'14','0000-00-00 00:00:00'),(615,25,45,'10','0000-00-00 00:00:00'),(616,7,31,'14','0000-00-00 00:00:00'),(617,34,21,'23','0000-00-00 00:00:00'),(618,53,46,'27','0000-00-00 00:00:00'),(619,73,25,'7','0000-00-00 00:00:00'),(620,6,1,'64','0000-00-00 00:00:00'),(621,34,11,'98','0000-00-00 00:00:00'),(622,29,43,'74','0000-00-00 00:00:00'),(623,75,33,'51','0000-00-00 00:00:00'),(624,90,31,'75','0000-00-00 00:00:00'),(625,61,11,'94','0000-00-00 00:00:00'),(626,55,7,'86','0000-00-00 00:00:00'),(627,16,34,'70','0000-00-00 00:00:00'),(628,89,37,'43','0000-00-00 00:00:00'),(629,27,43,'36','0000-00-00 00:00:00'),(630,12,48,'58','0000-00-00 00:00:00'),(631,68,41,'72','0000-00-00 00:00:00'),(632,53,31,'69','0000-00-00 00:00:00'),(633,80,45,'51','0000-00-00 00:00:00'),(634,70,35,'59','0000-00-00 00:00:00'),(635,21,18,'45','0000-00-00 00:00:00'),(636,1,20,'91','0000-00-00 00:00:00'),(637,61,19,'33','0000-00-00 00:00:00'),(638,12,29,'7','0000-00-00 00:00:00'),(639,55,45,'41','0000-00-00 00:00:00'),(640,58,19,'70','0000-00-00 00:00:00'),(641,15,11,'4','0000-00-00 00:00:00'),(642,95,3,'15','0000-00-00 00:00:00'),(643,95,29,'35','0000-00-00 00:00:00'),(644,21,32,'70','0000-00-00 00:00:00'),(645,6,5,'68','0000-00-00 00:00:00'),(646,1,30,'67','0000-00-00 00:00:00'),(647,83,38,'76','0000-00-00 00:00:00'),(648,81,28,'57','0000-00-00 00:00:00'),(649,87,11,'17','0000-00-00 00:00:00'),(650,67,13,'18','0000-00-00 00:00:00'),(651,46,30,'97','0000-00-00 00:00:00'),(652,32,30,'62','0000-00-00 00:00:00'),(653,25,39,'21','0000-00-00 00:00:00'),(654,85,41,'83','0000-00-00 00:00:00'),(655,97,49,'8','0000-00-00 00:00:00'),(656,44,35,'78','0000-00-00 00:00:00'),(657,66,13,'95','0000-00-00 00:00:00'),(658,1,31,'47','0000-00-00 00:00:00'),(659,73,8,'69','0000-00-00 00:00:00'),(660,9,12,'45','0000-00-00 00:00:00'),(661,86,33,'3','0000-00-00 00:00:00'),(662,42,24,'15','0000-00-00 00:00:00'),(663,52,28,'90','0000-00-00 00:00:00'),(664,72,40,'74','0000-00-00 00:00:00'),(665,25,4,'78','0000-00-00 00:00:00'),(666,69,19,'63','0000-00-00 00:00:00'),(667,23,13,'78','0000-00-00 00:00:00'),(668,32,12,'74','0000-00-00 00:00:00'),(669,54,40,'9','0000-00-00 00:00:00'),(670,24,37,'57','0000-00-00 00:00:00'),(671,97,47,'22','0000-00-00 00:00:00'),(672,50,36,'70','0000-00-00 00:00:00'),(673,40,17,'73','0000-00-00 00:00:00'),(674,36,7,'39','0000-00-00 00:00:00'),(675,85,4,'30','0000-00-00 00:00:00'),(676,87,19,'1','0000-00-00 00:00:00'),(677,91,10,'82','0000-00-00 00:00:00'),(678,9,32,'47','0000-00-00 00:00:00'),(679,1,3,'61','0000-00-00 00:00:00'),(680,68,48,'100','0000-00-00 00:00:00'),(681,31,47,'78','0000-00-00 00:00:00'),(682,44,10,'89','0000-00-00 00:00:00'),(683,54,18,'18','0000-00-00 00:00:00'),(684,3,12,'47','0000-00-00 00:00:00'),(685,14,37,'39','0000-00-00 00:00:00'),(686,2,49,'53','0000-00-00 00:00:00'),(687,41,30,'76','0000-00-00 00:00:00'),(688,27,10,'57','0000-00-00 00:00:00'),(689,64,48,'9','0000-00-00 00:00:00'),(690,49,28,'47','0000-00-00 00:00:00'),(691,13,45,'88','0000-00-00 00:00:00'),(692,40,32,'93','0000-00-00 00:00:00'),(693,41,12,'93','0000-00-00 00:00:00'),(694,7,43,'11','0000-00-00 00:00:00'),(695,25,1,'59','0000-00-00 00:00:00'),(696,71,49,'99','0000-00-00 00:00:00'),(697,5,33,'7','0000-00-00 00:00:00'),(698,41,24,'4','0000-00-00 00:00:00'),(699,24,42,'65','0000-00-00 00:00:00'),(700,61,9,'36','0000-00-00 00:00:00'),(701,22,5,'73','0000-00-00 00:00:00'),(702,27,28,'65','0000-00-00 00:00:00'),(703,62,24,'41','0000-00-00 00:00:00'),(704,100,27,'35','0000-00-00 00:00:00'),(705,82,5,'57','0000-00-00 00:00:00'),(706,9,39,'41','0000-00-00 00:00:00'),(707,88,18,'43','0000-00-00 00:00:00'),(708,40,41,'80','0000-00-00 00:00:00'),(709,54,33,'45','0000-00-00 00:00:00'),(710,87,18,'94','0000-00-00 00:00:00'),(711,46,32,'82','0000-00-00 00:00:00'),(712,88,20,'39','0000-00-00 00:00:00'),(713,22,9,'75','0000-00-00 00:00:00'),(714,51,31,'1','0000-00-00 00:00:00'),(715,76,12,'21','0000-00-00 00:00:00'),(716,73,50,'89','0000-00-00 00:00:00'),(717,3,2,'51','0000-00-00 00:00:00'),(718,32,32,'14','0000-00-00 00:00:00'),(719,27,35,'68','0000-00-00 00:00:00'),(720,95,4,'32','0000-00-00 00:00:00'),(721,6,16,'9','0000-00-00 00:00:00'),(722,53,24,'44','0000-00-00 00:00:00'),(723,24,41,'46','0000-00-00 00:00:00'),(724,99,46,'22','0000-00-00 00:00:00'),(725,25,21,'52','0000-00-00 00:00:00'),(726,50,5,'36','0000-00-00 00:00:00'),(727,77,19,'31','0000-00-00 00:00:00'),(728,71,45,'3','0000-00-00 00:00:00'),(729,39,32,'40','0000-00-00 00:00:00'),(730,31,47,'32','0000-00-00 00:00:00'),(731,45,4,'40','0000-00-00 00:00:00'),(732,48,9,'40','0000-00-00 00:00:00'),(733,90,5,'94','0000-00-00 00:00:00'),(734,33,34,'84','0000-00-00 00:00:00'),(735,96,32,'55','0000-00-00 00:00:00'),(736,41,3,'80','0000-00-00 00:00:00'),(737,13,37,'14','0000-00-00 00:00:00'),(738,47,46,'73','0000-00-00 00:00:00'),(739,45,24,'18','0000-00-00 00:00:00'),(740,83,9,'88','0000-00-00 00:00:00'),(741,76,13,'81','0000-00-00 00:00:00'),(742,67,4,'8','0000-00-00 00:00:00'),(743,90,40,'97','0000-00-00 00:00:00'),(744,26,18,'84','0000-00-00 00:00:00'),(745,5,22,'57','0000-00-00 00:00:00'),(746,54,27,'94','0000-00-00 00:00:00'),(747,99,48,'100','0000-00-00 00:00:00'),(748,25,7,'8','0000-00-00 00:00:00'),(749,84,30,'85','0000-00-00 00:00:00'),(750,13,19,'6','0000-00-00 00:00:00'),(751,6,47,'42','0000-00-00 00:00:00'),(752,63,10,'4','0000-00-00 00:00:00'),(753,29,36,'91','0000-00-00 00:00:00'),(754,88,28,'12','0000-00-00 00:00:00'),(755,46,19,'3','0000-00-00 00:00:00'),(756,71,24,'84','0000-00-00 00:00:00'),(757,24,25,'76','0000-00-00 00:00:00'),(758,55,36,'20','0000-00-00 00:00:00'),(759,25,2,'68','0000-00-00 00:00:00'),(760,94,28,'21','0000-00-00 00:00:00'),(761,6,15,'89','0000-00-00 00:00:00'),(762,94,2,'5','0000-00-00 00:00:00'),(763,91,2,'81','0000-00-00 00:00:00'),(764,35,17,'25','0000-00-00 00:00:00'),(765,97,17,'99','0000-00-00 00:00:00'),(766,49,19,'59','0000-00-00 00:00:00'),(767,50,3,'57','0000-00-00 00:00:00'),(768,79,2,'59','0000-00-00 00:00:00'),(769,98,15,'47','0000-00-00 00:00:00'),(770,57,41,'91','0000-00-00 00:00:00'),(771,46,9,'42','0000-00-00 00:00:00'),(772,22,20,'25','0000-00-00 00:00:00'),(773,22,11,'29','0000-00-00 00:00:00'),(774,11,14,'62','0000-00-00 00:00:00'),(775,91,40,'14','0000-00-00 00:00:00'),(776,11,46,'79','0000-00-00 00:00:00'),(777,77,25,'79','0000-00-00 00:00:00'),(778,4,5,'1','0000-00-00 00:00:00'),(779,14,14,'72','0000-00-00 00:00:00'),(780,97,13,'54','0000-00-00 00:00:00'),(781,78,32,'59','0000-00-00 00:00:00'),(782,69,8,'4','0000-00-00 00:00:00'),(783,8,8,'32','0000-00-00 00:00:00'),(784,57,43,'12','0000-00-00 00:00:00'),(785,98,33,'23','0000-00-00 00:00:00'),(786,23,30,'86','0000-00-00 00:00:00'),(787,61,39,'76','0000-00-00 00:00:00'),(788,3,46,'68','0000-00-00 00:00:00'),(789,66,36,'16','0000-00-00 00:00:00'),(790,8,45,'5','0000-00-00 00:00:00'),(791,59,43,'30','0000-00-00 00:00:00'),(792,6,28,'21','0000-00-00 00:00:00'),(793,30,50,'2','0000-00-00 00:00:00'),(794,75,21,'69','0000-00-00 00:00:00'),(795,69,7,'75','0000-00-00 00:00:00'),(796,60,40,'59','0000-00-00 00:00:00'),(797,60,49,'12','0000-00-00 00:00:00'),(798,8,35,'97','0000-00-00 00:00:00'),(799,77,13,'17','0000-00-00 00:00:00'),(800,76,48,'1','0000-00-00 00:00:00'),(801,34,43,'43','0000-00-00 00:00:00'),(802,82,32,'68','0000-00-00 00:00:00'),(803,57,37,'38','0000-00-00 00:00:00'),(804,1,28,'57','0000-00-00 00:00:00'),(805,78,34,'43','0000-00-00 00:00:00'),(806,51,37,'61','0000-00-00 00:00:00'),(807,75,47,'58','0000-00-00 00:00:00'),(808,99,40,'97','0000-00-00 00:00:00'),(809,72,32,'24','0000-00-00 00:00:00'),(810,71,50,'49','0000-00-00 00:00:00'),(811,28,10,'18','0000-00-00 00:00:00'),(812,21,26,'30','0000-00-00 00:00:00'),(813,18,22,'29','0000-00-00 00:00:00'),(814,37,31,'56','0000-00-00 00:00:00'),(815,97,49,'2','0000-00-00 00:00:00'),(816,8,15,'90','0000-00-00 00:00:00'),(817,25,32,'93','0000-00-00 00:00:00'),(818,17,30,'69','0000-00-00 00:00:00'),(819,95,10,'15','0000-00-00 00:00:00'),(820,62,32,'72','0000-00-00 00:00:00'),(821,50,33,'88','0000-00-00 00:00:00'),(822,93,34,'77','0000-00-00 00:00:00'),(823,30,21,'27','0000-00-00 00:00:00'),(824,81,41,'99','0000-00-00 00:00:00'),(825,10,32,'91','0000-00-00 00:00:00'),(826,56,43,'82','0000-00-00 00:00:00'),(827,24,37,'66','0000-00-00 00:00:00'),(828,22,13,'21','0000-00-00 00:00:00'),(829,20,36,'72','0000-00-00 00:00:00'),(830,35,8,'55','0000-00-00 00:00:00'),(831,78,8,'54','0000-00-00 00:00:00'),(832,90,38,'21','0000-00-00 00:00:00'),(833,40,50,'22','0000-00-00 00:00:00'),(834,23,41,'35','0000-00-00 00:00:00'),(835,47,46,'50','0000-00-00 00:00:00'),(836,21,33,'56','0000-00-00 00:00:00'),(837,60,26,'2','0000-00-00 00:00:00'),(838,88,30,'82','0000-00-00 00:00:00'),(839,75,28,'59','0000-00-00 00:00:00'),(840,12,30,'46','0000-00-00 00:00:00'),(841,64,2,'17','0000-00-00 00:00:00'),(842,7,30,'96','0000-00-00 00:00:00'),(843,40,1,'64','0000-00-00 00:00:00'),(844,23,38,'59','0000-00-00 00:00:00'),(845,72,36,'48','0000-00-00 00:00:00'),(846,87,39,'6','0000-00-00 00:00:00'),(847,77,50,'54','0000-00-00 00:00:00'),(848,49,45,'59','0000-00-00 00:00:00'),(849,24,13,'77','0000-00-00 00:00:00'),(850,25,13,'8','0000-00-00 00:00:00'),(851,85,24,'84','0000-00-00 00:00:00'),(852,42,15,'68','0000-00-00 00:00:00'),(853,63,30,'89','0000-00-00 00:00:00'),(854,57,7,'12','0000-00-00 00:00:00'),(855,15,30,'90','0000-00-00 00:00:00'),(856,93,4,'98','0000-00-00 00:00:00'),(857,59,47,'42','0000-00-00 00:00:00'),(858,94,26,'18','0000-00-00 00:00:00'),(859,78,3,'31','0000-00-00 00:00:00'),(860,57,35,'71','0000-00-00 00:00:00'),(861,9,42,'75','0000-00-00 00:00:00'),(862,70,40,'70','0000-00-00 00:00:00'),(863,31,28,'61','0000-00-00 00:00:00'),(864,59,19,'4','0000-00-00 00:00:00'),(865,31,23,'19','0000-00-00 00:00:00'),(866,32,9,'53','0000-00-00 00:00:00'),(867,38,7,'97','0000-00-00 00:00:00'),(868,69,32,'87','0000-00-00 00:00:00'),(869,11,8,'73','0000-00-00 00:00:00'),(870,63,13,'71','0000-00-00 00:00:00'),(871,60,11,'44','0000-00-00 00:00:00'),(872,18,38,'26','0000-00-00 00:00:00'),(873,53,9,'42','0000-00-00 00:00:00'),(874,53,36,'79','0000-00-00 00:00:00'),(875,49,25,'87','0000-00-00 00:00:00'),(876,53,10,'100','0000-00-00 00:00:00'),(877,54,45,'10','0000-00-00 00:00:00'),(878,96,37,'27','0000-00-00 00:00:00'),(879,4,50,'60','0000-00-00 00:00:00'),(880,63,41,'59','0000-00-00 00:00:00'),(881,87,44,'54','0000-00-00 00:00:00'),(882,19,2,'21','0000-00-00 00:00:00'),(883,57,43,'61','0000-00-00 00:00:00'),(884,92,1,'70','0000-00-00 00:00:00'),(885,55,17,'52','0000-00-00 00:00:00'),(886,74,2,'23','0000-00-00 00:00:00'),(887,13,49,'80','0000-00-00 00:00:00'),(888,82,42,'99','0000-00-00 00:00:00'),(889,69,31,'44','0000-00-00 00:00:00'),(890,99,47,'84','0000-00-00 00:00:00'),(891,58,6,'47','0000-00-00 00:00:00'),(892,98,23,'20','0000-00-00 00:00:00'),(893,27,38,'52','0000-00-00 00:00:00'),(894,68,34,'68','0000-00-00 00:00:00'),(895,63,28,'46','0000-00-00 00:00:00'),(896,34,19,'32','0000-00-00 00:00:00'),(897,58,18,'93','0000-00-00 00:00:00'),(898,50,35,'20','0000-00-00 00:00:00'),(899,76,44,'16','0000-00-00 00:00:00'),(900,31,23,'68','0000-00-00 00:00:00'),(901,52,4,'77','0000-00-00 00:00:00'),(902,38,29,'2','0000-00-00 00:00:00'),(903,50,19,'56','0000-00-00 00:00:00'),(904,63,36,'8','0000-00-00 00:00:00'),(905,31,14,'40','0000-00-00 00:00:00'),(906,58,14,'94','0000-00-00 00:00:00'),(907,36,41,'81','0000-00-00 00:00:00'),(908,12,5,'22','0000-00-00 00:00:00'),(909,53,41,'41','0000-00-00 00:00:00'),(910,61,35,'21','0000-00-00 00:00:00'),(911,45,41,'24','0000-00-00 00:00:00'),(912,17,29,'16','0000-00-00 00:00:00'),(913,69,32,'7','0000-00-00 00:00:00'),(914,99,11,'25','0000-00-00 00:00:00'),(915,65,29,'75','0000-00-00 00:00:00'),(916,88,49,'22','0000-00-00 00:00:00'),(917,55,14,'30','0000-00-00 00:00:00'),(918,21,18,'93','0000-00-00 00:00:00'),(919,35,3,'60','0000-00-00 00:00:00'),(920,9,4,'42','0000-00-00 00:00:00'),(921,22,30,'14','0000-00-00 00:00:00'),(922,70,35,'49','0000-00-00 00:00:00'),(923,60,8,'93','0000-00-00 00:00:00'),(924,83,42,'60','0000-00-00 00:00:00'),(925,8,33,'91','0000-00-00 00:00:00'),(926,59,13,'28','0000-00-00 00:00:00'),(927,27,44,'92','0000-00-00 00:00:00'),(928,12,50,'89','0000-00-00 00:00:00'),(929,64,4,'82','0000-00-00 00:00:00'),(930,74,46,'50','0000-00-00 00:00:00'),(931,26,25,'28','0000-00-00 00:00:00'),(932,43,34,'69','0000-00-00 00:00:00'),(933,63,23,'25','0000-00-00 00:00:00'),(934,72,39,'65','0000-00-00 00:00:00'),(935,12,41,'11','0000-00-00 00:00:00'),(936,58,46,'61','0000-00-00 00:00:00'),(937,77,15,'31','0000-00-00 00:00:00'),(938,63,34,'84','0000-00-00 00:00:00'),(939,83,8,'22','0000-00-00 00:00:00'),(940,5,6,'41','0000-00-00 00:00:00'),(941,14,19,'13','0000-00-00 00:00:00'),(942,54,44,'48','0000-00-00 00:00:00'),(943,3,12,'42','0000-00-00 00:00:00'),(944,78,10,'72','0000-00-00 00:00:00'),(945,67,27,'21','0000-00-00 00:00:00'),(946,52,5,'68','0000-00-00 00:00:00'),(947,99,50,'15','0000-00-00 00:00:00'),(948,56,33,'10','0000-00-00 00:00:00'),(949,96,17,'58','0000-00-00 00:00:00'),(950,47,2,'8','0000-00-00 00:00:00'),(951,28,34,'50','0000-00-00 00:00:00'),(952,37,15,'77','0000-00-00 00:00:00'),(953,42,34,'23','0000-00-00 00:00:00'),(954,83,11,'20','0000-00-00 00:00:00'),(955,17,29,'66','0000-00-00 00:00:00'),(956,19,9,'22','0000-00-00 00:00:00'),(957,71,44,'89','0000-00-00 00:00:00'),(958,51,43,'21','0000-00-00 00:00:00'),(959,41,28,'92','0000-00-00 00:00:00'),(960,5,19,'42','0000-00-00 00:00:00'),(961,89,27,'80','0000-00-00 00:00:00'),(962,59,11,'14','0000-00-00 00:00:00'),(963,78,23,'98','0000-00-00 00:00:00'),(964,61,39,'33','0000-00-00 00:00:00'),(965,65,20,'96','0000-00-00 00:00:00'),(966,25,20,'86','0000-00-00 00:00:00'),(967,99,13,'46','0000-00-00 00:00:00'),(968,15,46,'41','0000-00-00 00:00:00'),(969,1,49,'73','0000-00-00 00:00:00'),(970,30,19,'37','0000-00-00 00:00:00'),(971,82,45,'19','0000-00-00 00:00:00'),(972,2,6,'78','0000-00-00 00:00:00'),(973,25,44,'71','0000-00-00 00:00:00'),(974,49,12,'30','0000-00-00 00:00:00'),(975,92,8,'14','0000-00-00 00:00:00'),(976,80,2,'21','0000-00-00 00:00:00'),(977,53,5,'47','0000-00-00 00:00:00'),(978,1,10,'12','0000-00-00 00:00:00'),(979,70,50,'27','0000-00-00 00:00:00'),(980,21,12,'58','0000-00-00 00:00:00'),(981,26,37,'64','0000-00-00 00:00:00'),(982,96,12,'63','0000-00-00 00:00:00'),(983,68,15,'23','0000-00-00 00:00:00'),(984,58,29,'24','0000-00-00 00:00:00'),(985,98,24,'65','0000-00-00 00:00:00'),(986,63,9,'35','0000-00-00 00:00:00'),(987,2,19,'3','0000-00-00 00:00:00'),(988,100,23,'36','0000-00-00 00:00:00'),(989,46,39,'79','0000-00-00 00:00:00'),(990,6,35,'59','0000-00-00 00:00:00'),(991,26,34,'26','0000-00-00 00:00:00'),(992,25,44,'55','0000-00-00 00:00:00'),(993,32,19,'18','0000-00-00 00:00:00'),(994,79,33,'10','0000-00-00 00:00:00'),(995,59,11,'91','0000-00-00 00:00:00'),(996,5,31,'22','0000-00-00 00:00:00'),(997,55,6,'20','0000-00-00 00:00:00'),(998,93,34,'58','0000-00-00 00:00:00'),(999,54,3,'53','0000-00-00 00:00:00'),(1000,28,2,'1','0000-00-00 00:00:00'),(1002,52,52,'agasfasasd','2018-08-06 20:18:57'),(1003,52,52,'huehue','2018-08-06 20:21:07');
/*!40000 ALTER TABLE `comment` ENABLE KEYS */;
UNLOCK TABLES;

--
-- Table structure for table `guide`
--

DROP TABLE IF EXISTS `guide`;
/*!40101 SET @saved_cs_client     = @@character_set_client */;
/*!40101 SET character_set_client = utf8 */;
CREATE TABLE `guide` (
  `id` int(11) NOT NULL AUTO_INCREMENT,
  `place_name` varchar(50) COLLATE utf8mb4_unicode_ci DEFAULT NULL,
  `description` varchar(2048) COLLATE utf8mb4_unicode_ci DEFAULT NULL,
  `image_url` varchar(50) COLLATE utf8mb4_unicode_ci DEFAULT NULL,
  `rating` int(11) DEFAULT NULL,
  `user_id` int(11) NOT NULL,
  PRIMARY KEY (`id`),
  KEY `user_id` (`user_id`),
  CONSTRAINT `guide_ibfk_1` FOREIGN KEY (`user_id`) REFERENCES `user` (`id`)
) ENGINE=InnoDB AUTO_INCREMENT=101 DEFAULT CHARSET=utf8mb4 COLLATE=utf8mb4_unicode_ci;
/*!40101 SET character_set_client = @saved_cs_client */;

--
-- Dumping data for table `guide`
--

LOCK TABLES `guide` WRITE;
/*!40000 ALTER TABLE `guide` DISABLE KEYS */;
INSERT INTO `guide` VALUES (1,'Brachythecium bolanderi (Lesq.) A. Jaeger','Curabitur in libero ut massa volutpat convallis. Morbi odio odio, elementum eu, interdum eu, tincidunt in, leo. Maecenas pulvinar lobortis est. Phasellus sit amet erat. Nulla tempus. Vivamus in felis eu sapien cursus vestibulum.','http://dummyimage.com/229x190.png/cc0000/ffffff',8,19),(2,'Caulanthus barnebyi Rollins & P.K. Holmgren','Quisque id justo sit amet sapien dignissim vestibulum. Vestibulum ante ipsum primis in faucibus orci luctus et ultrices posuere cubilia Curae; Nulla dapibus dolor vel est. Donec odio justo, sollicitudin ut, suscipit a, feugiat et, eros.','http://dummyimage.com/123x103.png/ff4444/ffffff',23282,26),(3,'Viola ×luciae Skottsb.','Integer pede justo, lacinia eget, tincidunt eget, tempus vel, pede. Morbi porttitor lorem id ligula.','http://dummyimage.com/157x178.jpg/dddddd/000000',2,46),(4,'Pelexia Poit. ex Lindl.','Maecenas tristique, est et tempus semper, est quam pharetra magna, ac consequat metus sapien ut nunc. Vestibulum ante ipsum primis in faucibus orci luctus et ultrices posuere cubilia Curae; Mauris viverra diam vitae quam. Suspendisse potenti. Nullam porttitor lacus at turpis. Donec posuere metus vitae ipsum.','http://dummyimage.com/121x120.bmp/ff4444/ffffff',8325,27),(5,'Cistanthe umbellata (Torr.) Hershkovitz var. caudi','Donec posuere metus vitae ipsum. Aliquam non mauris. Morbi non lectus. Aliquam sit amet diam in magna bibendum imperdiet. Nullam orci pede, venenatis non, sodales sed, tincidunt eu, felis. Fusce posuere felis sed lacus. Morbi sem mauris, laoreet ut, rhoncus aliquet, pulvinar sed, nisl. Nunc rhoncus dui vel sem. Sed sagittis.','http://dummyimage.com/183x232.bmp/cc0000/ffffff',6,7),(6,'Prunus persica (L.) Batsch var. persica','Aenean lectus. Pellentesque eget nunc. Donec quis orci eget orci vehicula condimentum. Curabitur in libero ut massa volutpat convallis.','http://dummyimage.com/231x249.png/ff4444/ffffff',5664,15),(7,'Borrichia Adans.','Cras mi pede, malesuada in, imperdiet et, commodo vulputate, justo. In blandit ultrices enim. Lorem ipsum dolor sit amet, consectetuer adipiscing elit. Proin interdum mauris non ligula pellentesque ultrices. Phasellus id sapien in sapien iaculis congue. Vivamus metus arcu, adipiscing molestie, hendrerit at, vulputate vitae, nisl. Aenean lectus.','http://dummyimage.com/158x111.bmp/ff4444/ffffff',245,41),(8,'Pentapetes L.','Morbi porttitor lorem id ligula. Suspendisse ornare consequat lectus. In est risus, auctor sed, tristique in, tempus sit amet, sem. Fusce consequat. Nulla nisl. Nunc nisl. Duis bibendum, felis sed interdum venenatis, turpis enim blandit mi, in porttitor pede justo eu massa. Donec dapibus. Duis at velit eu est congue elementum.','http://dummyimage.com/188x130.png/ff4444/ffffff',5,6),(9,'Coprosma waimeae Wawra','In tempor, turpis nec euismod scelerisque, quam turpis adipiscing lorem, vitae mattis nibh ligula nec sem. Duis aliquam convallis nunc. Proin at turpis a pede posuere nonummy.','http://dummyimage.com/158x101.bmp/5fa2dd/ffffff',6,13),(10,'Polygonum caurianum B.L. Rob.','Proin interdum mauris non ligula pellentesque ultrices.','http://dummyimage.com/110x224.png/dddddd/000000',40509,13),(11,'Astragalus lentiginosus Douglas ex Hook. var. stra','Proin interdum mauris non ligula pellentesque ultrices. Phasellus id sapien in sapien iaculis congue.','http://dummyimage.com/136x122.jpg/5fa2dd/ffffff',5,26),(12,'Mertensia paniculata (Aiton) G. Don var. borealis ','Aliquam erat volutpat. In congue. Etiam justo. Etiam pretium iaculis justo. In hac habitasse platea dictumst. Etiam faucibus cursus urna. Ut tellus. Nulla ut erat id mauris vulputate elementum.','http://dummyimage.com/138x210.bmp/dddddd/000000',20352,13),(13,'Nerium oleander L.','Vestibulum rutrum rutrum neque. Aenean auctor gravida sem. Praesent id massa id nisl venenatis lacinia.','http://dummyimage.com/146x135.jpg/5fa2dd/ffffff',2517,2),(14,'Rubus vitifolius Cham. & Schltdl. var. vitifolius','Morbi sem mauris, laoreet ut, rhoncus aliquet, pulvinar sed, nisl. Nunc rhoncus dui vel sem. Sed sagittis. Nam congue, risus semper porta volutpat, quam pede lobortis ligula, sit amet eleifend pede libero quis orci. Nullam molestie nibh in lectus. Pellentesque at nulla. Suspendisse potenti. Cras in purus eu magna vulputate luctus.','http://dummyimage.com/190x126.png/dddddd/000000',36651,50),(15,'Ebenopsis ebano (Berl.) Barneby & Grimes','Vestibulum ante ipsum primis in faucibus orci luctus et ultrices posuere cubilia Curae; Mauris viverra diam vitae quam. Suspendisse potenti. Nullam porttitor lacus at turpis. Donec posuere metus vitae ipsum. Aliquam non mauris. Morbi non lectus.','http://dummyimage.com/142x206.jpg/dddddd/000000',10,29),(16,'×Arctodupontia Tzvelev','Cum sociis natoque penatibus et magnis dis parturient montes, nascetur ridiculus mus. Vivamus vestibulum sagittis sapien. Cum sociis natoque penatibus et magnis dis parturient montes, nascetur ridiculus mus. Etiam vel augue. Vestibulum rutrum rutrum neque. Aenean auctor gravida sem. Praesent id massa id nisl venenatis lacinia. Aenean sit amet justo. Morbi ut odio.','http://dummyimage.com/136x236.bmp/ff4444/ffffff',79,31),(17,'Rhynchospora sclerioides Hook. & Arn.','Aenean lectus. Pellentesque eget nunc. Donec quis orci eget orci vehicula condimentum. Curabitur in libero ut massa volutpat convallis.','http://dummyimage.com/244x224.bmp/5fa2dd/ffffff',605,26),(18,'Hieracium ×fassettii Lepage','Pellentesque ultrices mattis odio. Donec vitae nisi. Nam ultrices, libero non mattis pulvinar, nulla pede ullamcorper augue, a suscipit nulla elit ac nulla. Sed vel enim sit amet nunc viverra dapibus. Nulla suscipit ligula in lacus. Curabitur at ipsum ac tellus semper interdum.','http://dummyimage.com/100x135.bmp/5fa2dd/ffffff',58193,38),(19,'Liatris aspera Michx. var. aspera','Aliquam non mauris. Morbi non lectus. Aliquam sit amet diam in magna bibendum imperdiet. Nullam orci pede, venenatis non, sodales sed, tincidunt eu, felis. Fusce posuere felis sed lacus. Morbi sem mauris, laoreet ut, rhoncus aliquet, pulvinar sed, nisl. Nunc rhoncus dui vel sem. Sed sagittis.','http://dummyimage.com/200x189.jpg/ff4444/ffffff',8,29),(20,'Eurytaenia texana Torr. & A. Gray','Maecenas ut massa quis augue luctus tincidunt. Nulla mollis molestie lorem. Quisque ut erat. Curabitur gravida nisi at nibh. In hac habitasse platea dictumst. Aliquam augue quam, sollicitudin vitae, consectetuer eget, rutrum at, lorem. Integer tincidunt ante vel ipsum.','http://dummyimage.com/239x166.jpg/dddddd/000000',761,43),(21,'Discelium Brid.','Proin at turpis a pede posuere nonummy. Integer non velit. Donec diam neque, vestibulum eget, vulputate ut, ultrices vel, augue. Vestibulum ante ipsum primis in faucibus orci luctus et ultrices posuere cubilia Curae; Donec pharetra, magna vestibulum aliquet ultrices, erat tortor sollicitudin mi, sit amet lobortis sapien sapien non mi. Integer ac neque. Duis bibendum. Morbi non quam nec dui luctus rutrum. Nulla tellus. In sagittis dui vel nisl. Duis ac nibh.','http://dummyimage.com/221x174.jpg/dddddd/000000',86,42),(22,'Passiflora mexicana Juss.','In blandit ultrices enim. Lorem ipsum dolor sit amet, consectetuer adipiscing elit. Proin interdum mauris non ligula pellentesque ultrices. Phasellus id sapien in sapien iaculis congue.','http://dummyimage.com/228x149.bmp/ff4444/ffffff',84,5),(23,'Althaea hirsuta L.','Aliquam sit amet diam in magna bibendum imperdiet. Nullam orci pede, venenatis non, sodales sed, tincidunt eu, felis. Fusce posuere felis sed lacus. Morbi sem mauris, laoreet ut, rhoncus aliquet, pulvinar sed, nisl. Nunc rhoncus dui vel sem. Sed sagittis. Nam congue, risus semper porta volutpat, quam pede lobortis ligula, sit amet eleifend pede libero quis orci. Nullam molestie nibh in lectus.','http://dummyimage.com/171x136.png/dddddd/000000',75,26),(24,'Dryopteris ×pittsfordensis Slosson','Aenean sit amet justo. Morbi ut odio. Cras mi pede, malesuada in, imperdiet et, commodo vulputate, justo. In blandit ultrices enim. Lorem ipsum dolor sit amet, consectetuer adipiscing elit. Proin interdum mauris non ligula pellentesque ultrices.','http://dummyimage.com/138x212.bmp/dddddd/000000',25376,20),(25,'Rhynchospora depressirostris M.T. Strong','Aenean fermentum. Donec ut mauris eget massa tempor convallis. Nulla neque libero, convallis eget, eleifend luctus, ultricies eu, nibh. Quisque id justo sit amet sapien dignissim vestibulum. Vestibulum ante ipsum primis in faucibus orci luctus et ultrices posuere cubilia Curae; Nulla dapibus dolor vel est. Donec odio justo, sollicitudin ut, suscipit a, feugiat et, eros. Vestibulum ac est lacinia nisi venenatis tristique.','http://dummyimage.com/235x145.bmp/dddddd/000000',10,23),(26,'Pycnanthemum curvipes (Greene) E. Grant & Epling','Aenean sit amet justo. Morbi ut odio.','http://dummyimage.com/168x125.bmp/ff4444/ffffff',98,34),(27,'Pellaea mucronata (D.C. Eaton) D.C. Eaton','Nullam porttitor lacus at turpis. Donec posuere metus vitae ipsum. Aliquam non mauris. Morbi non lectus. Aliquam sit amet diam in magna bibendum imperdiet. Nullam orci pede, venenatis non, sodales sed, tincidunt eu, felis. Fusce posuere felis sed lacus.','http://dummyimage.com/229x216.png/dddddd/000000',671,11),(28,'Symphytum asperum Lepechin','Aliquam sit amet diam in magna bibendum imperdiet. Nullam orci pede, venenatis non, sodales sed, tincidunt eu, felis.','http://dummyimage.com/213x135.bmp/dddddd/000000',59147,44),(29,'Hypogymnia inactiva (Krog) Ohlsson','Mauris sit amet eros. Suspendisse accumsan tortor quis turpis. Sed ante. Vivamus tortor. Duis mattis egestas metus. Aenean fermentum. Donec ut mauris eget massa tempor convallis. Nulla neque libero, convallis eget, eleifend luctus, ultricies eu, nibh. Quisque id justo sit amet sapien dignissim vestibulum.','http://dummyimage.com/109x202.jpg/ff4444/ffffff',23278,39),(30,'Bloomeria crocea (Torr.) Coville var. aurea (Kello','Integer a nibh. In quis justo. Maecenas rhoncus aliquam lacus. Morbi quis tortor id nulla ultrices aliquet. Maecenas leo odio, condimentum id, luctus nec, molestie sed, justo. Pellentesque viverra pede ac diam. Cras pellentesque volutpat dui.','http://dummyimage.com/125x109.png/dddddd/000000',8,6),(31,'Bidens macrocarpa (A. Gray) Sherff','Nulla ut erat id mauris vulputate elementum. Nullam varius. Nulla facilisi. Cras non velit nec nisi vulputate nonummy. Maecenas tincidunt lacus at velit. Vivamus vel nulla eget eros elementum pellentesque. Quisque porta volutpat erat.','http://dummyimage.com/244x148.png/ff4444/ffffff',2,39),(32,'Jovibarba Opiz','Proin risus. Praesent lectus. Vestibulum quam sapien, varius ut, blandit non, interdum in, ante. Vestibulum ante ipsum primis in faucibus orci luctus et ultrices posuere cubilia Curae; Duis faucibus accumsan odio. Curabitur convallis. Duis consequat dui nec nisi volutpat eleifend. Donec ut dolor. Morbi vel lectus in quam fringilla rhoncus. Mauris enim leo, rhoncus sed, vestibulum sit amet, cursus id, turpis. Integer aliquet, massa id lobortis convallis, tortor risus dapibus augue, vel accumsan tellus nisi eu orci.','http://dummyimage.com/185x127.png/ff4444/ffffff',660,31),(33,'Lablab Adans.','Suspendisse accumsan tortor quis turpis. Sed ante. Vivamus tortor. Duis mattis egestas metus. Aenean fermentum.','http://dummyimage.com/119x116.jpg/ff4444/ffffff',6239,30),(34,'Brickellia eupatorioides (L.) Shinners var. florid','Phasellus in felis. Donec semper sapien a libero. Nam dui. Proin leo odio, porttitor id, consequat in, consequat ut, nulla. Sed accumsan felis.','http://dummyimage.com/156x208.jpg/5fa2dd/ffffff',7,9),(35,'Fuirena umbellata Rottb.','Vivamus tortor. Duis mattis egestas metus. Aenean fermentum. Donec ut mauris eget massa tempor convallis. Nulla neque libero, convallis eget, eleifend luctus, ultricies eu, nibh. Quisque id justo sit amet sapien dignissim vestibulum. Vestibulum ante ipsum primis in faucibus orci luctus et ultrices posuere cubilia Curae; Nulla dapibus dolor vel est. Donec odio justo, sollicitudin ut, suscipit a, feugiat et, eros. Vestibulum ac est lacinia nisi venenatis tristique. Fusce congue, diam id ornare imperdiet, sapien urna pretium nisl, ut volutpat sapien arcu sed augue.','http://dummyimage.com/197x126.png/cc0000/ffffff',1,16),(36,'Lessingia arachnoidea Greene','Cras non velit nec nisi vulputate nonummy. Maecenas tincidunt lacus at velit. Vivamus vel nulla eget eros elementum pellentesque. Quisque porta volutpat erat. Quisque erat eros, viverra eget, congue eget, semper rutrum, nulla. Nunc purus.','http://dummyimage.com/239x130.bmp/cc0000/ffffff',48,9),(37,'Mitella stauropetala Piper var. stenopetala (Piper','Morbi odio odio, elementum eu, interdum eu, tincidunt in, leo. Maecenas pulvinar lobortis est. Phasellus sit amet erat. Nulla tempus. Vivamus in felis eu sapien cursus vestibulum. Proin eu mi. Nulla ac enim. In tempor, turpis nec euismod scelerisque, quam turpis adipiscing lorem, vitae mattis nibh ligula nec sem. Duis aliquam convallis nunc.','http://dummyimage.com/178x114.jpg/5fa2dd/ffffff',10,23),(38,'Astragalus monumentalis Barneby','Morbi vel lectus in quam fringilla rhoncus. Mauris enim leo, rhoncus sed, vestibulum sit amet, cursus id, turpis. Integer aliquet, massa id lobortis convallis, tortor risus dapibus augue, vel accumsan tellus nisi eu orci.','http://dummyimage.com/190x197.png/cc0000/ffffff',162,26),(39,'Comandra umbellata (L.) Nutt. ssp. pallida (A. DC.','Morbi non quam nec dui luctus rutrum. Nulla tellus. In sagittis dui vel nisl. Duis ac nibh.','http://dummyimage.com/153x218.jpg/ff4444/ffffff',4352,33),(40,'Lonicera arizonica Rehder','Fusce lacus purus, aliquet at, feugiat non, pretium quis, lectus. Suspendisse potenti. In eleifend quam a odio. In hac habitasse platea dictumst. Maecenas ut massa quis augue luctus tincidunt. Nulla mollis molestie lorem. Quisque ut erat. Curabitur gravida nisi at nibh. In hac habitasse platea dictumst.','http://dummyimage.com/109x245.png/dddddd/000000',42,31),(41,'Watsonia borbonica (Pourr.) Goldblatt','Donec posuere metus vitae ipsum. Aliquam non mauris. Morbi non lectus. Aliquam sit amet diam in magna bibendum imperdiet. Nullam orci pede, venenatis non, sodales sed, tincidunt eu, felis. Fusce posuere felis sed lacus.','http://dummyimage.com/108x200.jpg/5fa2dd/ffffff',51,36),(42,'Erythranthe Spach','Morbi sem mauris, laoreet ut, rhoncus aliquet, pulvinar sed, nisl. Nunc rhoncus dui vel sem. Sed sagittis. Nam congue, risus semper porta volutpat, quam pede lobortis ligula, sit amet eleifend pede libero quis orci. Nullam molestie nibh in lectus. Pellentesque at nulla.','http://dummyimage.com/188x106.png/5fa2dd/ffffff',16,49),(43,'Rubus sons L.H. Bailey','Aliquam augue quam, sollicitudin vitae, consectetuer eget, rutrum at, lorem.','http://dummyimage.com/243x116.jpg/dddddd/000000',2821,35),(44,'Amsinckia tessellata A. Gray var. gloriosa (Eastw.','Aliquam erat volutpat. In congue. Etiam justo. Etiam pretium iaculis justo. In hac habitasse platea dictumst. Etiam faucibus cursus urna. Ut tellus.','http://dummyimage.com/230x151.png/ff4444/ffffff',7,45),(45,'Paspalum notatum Flueggé var. latiflorum J. Döll','Ut tellus. Nulla ut erat id mauris vulputate elementum. Nullam varius. Nulla facilisi.','http://dummyimage.com/114x164.bmp/cc0000/ffffff',4527,30),(46,'Deutzia parviflora Bunge','Aenean sit amet justo. Morbi ut odio. Cras mi pede, malesuada in, imperdiet et, commodo vulputate, justo. In blandit ultrices enim. Lorem ipsum dolor sit amet, consectetuer adipiscing elit. Proin interdum mauris non ligula pellentesque ultrices. Phasellus id sapien in sapien iaculis congue.','http://dummyimage.com/116x233.jpg/cc0000/ffffff',9,31),(47,'Potentilla thurberi A. Gray var. thurberi','Pellentesque ultrices mattis odio. Donec vitae nisi. Nam ultrices, libero non mattis pulvinar, nulla pede ullamcorper augue, a suscipit nulla elit ac nulla. Sed vel enim sit amet nunc viverra dapibus. Nulla suscipit ligula in lacus. Curabitur at ipsum ac tellus semper interdum. Mauris ullamcorper purus sit amet nulla. Quisque arcu libero, rutrum ac, lobortis vel, dapibus at, diam.','http://dummyimage.com/115x192.png/5fa2dd/ffffff',63,12),(48,'Campylium polygamum (Schimp.) C.E.O. Jensen','Aliquam non mauris. Morbi non lectus. Aliquam sit amet diam in magna bibendum imperdiet. Nullam orci pede, venenatis non, sodales sed, tincidunt eu, felis. Fusce posuere felis sed lacus. Morbi sem mauris, laoreet ut, rhoncus aliquet, pulvinar sed, nisl. Nunc rhoncus dui vel sem. Sed sagittis.','http://dummyimage.com/154x137.png/cc0000/ffffff',43552,10),(49,'Citharexylum spinosum L.','Duis consequat dui nec nisi volutpat eleifend. Donec ut dolor. Morbi vel lectus in quam fringilla rhoncus. Mauris enim leo, rhoncus sed, vestibulum sit amet, cursus id, turpis. Integer aliquet, massa id lobortis convallis, tortor risus dapibus augue, vel accumsan tellus nisi eu orci. Mauris lacinia sapien quis libero. Nullam sit amet turpis elementum ligula vehicula consequat. Morbi a ipsum.','http://dummyimage.com/213x109.jpg/dddddd/000000',853,24),(50,'Impatiens balfourii Hook. f.','Donec odio justo, sollicitudin ut, suscipit a, feugiat et, eros. Vestibulum ac est lacinia nisi venenatis tristique.','http://dummyimage.com/113x224.jpg/ff4444/ffffff',3000,38),(51,'Lophospermum erubescens D. Don','Vivamus vestibulum sagittis sapien. Cum sociis natoque penatibus et magnis dis parturient montes, nascetur ridiculus mus. Etiam vel augue. Vestibulum rutrum rutrum neque. Aenean auctor gravida sem. Praesent id massa id nisl venenatis lacinia.','http://dummyimage.com/177x133.jpg/5fa2dd/ffffff',3661,28),(52,'Urginea maritima (L.) Baker','Nulla ac enim. In tempor, turpis nec euismod scelerisque, quam turpis adipiscing lorem, vitae mattis nibh ligula nec sem. Duis aliquam convallis nunc. Proin at turpis a pede posuere nonummy. Integer non velit. Donec diam neque, vestibulum eget, vulputate ut, ultrices vel, augue. Vestibulum ante ipsum primis in faucibus orci luctus et ultrices posuere cubilia Curae; Donec pharetra, magna vestibulum aliquet ultrices, erat tortor sollicitudin mi, sit amet lobortis sapien sapien non mi. Integer ac neque. Duis bibendum.','http://dummyimage.com/203x122.png/ff4444/ffffff',186,22),(53,'Potentilla nivea L.','Integer tincidunt ante vel ipsum. Praesent blandit lacinia erat. Vestibulum sed magna at nunc commodo placerat. Praesent blandit. Nam nulla. Integer pede justo, lacinia eget, tincidunt eget, tempus vel, pede. Morbi porttitor lorem id ligula.','http://dummyimage.com/153x175.bmp/cc0000/ffffff',54020,26),(54,'Chamaesyce deltoidea (Engelm. ex Chapm.) Small ssp','Maecenas pulvinar lobortis est. Phasellus sit amet erat. Nulla tempus. Vivamus in felis eu sapien cursus vestibulum. Proin eu mi. Nulla ac enim.','http://dummyimage.com/101x143.jpg/5fa2dd/ffffff',242,6),(55,'Lomatium engelmannii Mathias','Proin risus. Praesent lectus. Vestibulum quam sapien, varius ut, blandit non, interdum in, ante. Vestibulum ante ipsum primis in faucibus orci luctus et ultrices posuere cubilia Curae; Duis faucibus accumsan odio. Curabitur convallis. Duis consequat dui nec nisi volutpat eleifend. Donec ut dolor. Morbi vel lectus in quam fringilla rhoncus. Mauris enim leo, rhoncus sed, vestibulum sit amet, cursus id, turpis.','http://dummyimage.com/185x111.bmp/cc0000/ffffff',1485,19),(56,'Bergenia crassifolia (L.) Fritsch','Vivamus tortor. Duis mattis egestas metus. Aenean fermentum. Donec ut mauris eget massa tempor convallis. Nulla neque libero, convallis eget, eleifend luctus, ultricies eu, nibh. Quisque id justo sit amet sapien dignissim vestibulum.','http://dummyimage.com/194x241.jpg/dddddd/000000',2,18),(57,'Heuchera micrantha Douglas ex Lindl. var. macropet','Donec semper sapien a libero. Nam dui. Proin leo odio, porttitor id, consequat in, consequat ut, nulla. Sed accumsan felis. Ut at dolor quis odio consequat varius. Integer ac leo. Pellentesque ultrices mattis odio.','http://dummyimage.com/210x207.jpg/ff4444/ffffff',5,47),(58,'Desmanthus leptolobus Torr. & A. Gray','Suspendisse ornare consequat lectus. In est risus, auctor sed, tristique in, tempus sit amet, sem. Fusce consequat.','http://dummyimage.com/133x110.jpg/5fa2dd/ffffff',17687,36),(59,'Philadelphus tomentosus Royle','In congue. Etiam justo. Etiam pretium iaculis justo. In hac habitasse platea dictumst. Etiam faucibus cursus urna.','http://dummyimage.com/247x135.jpg/5fa2dd/ffffff',41720,42),(60,'Silene bernardina S. Watson ssp. bernardina','Morbi porttitor lorem id ligula. Suspendisse ornare consequat lectus. In est risus, auctor sed, tristique in, tempus sit amet, sem. Fusce consequat. Nulla nisl. Nunc nisl. Duis bibendum, felis sed interdum venenatis, turpis enim blandit mi, in porttitor pede justo eu massa.','http://dummyimage.com/102x128.png/cc0000/ffffff',1,47),(61,'Cyperus giganteus Vahl','Aenean lectus. Pellentesque eget nunc.','http://dummyimage.com/232x149.png/dddddd/000000',1979,33),(62,'Astragalus crassicarpus Nutt. var. berlandieri Bar','In blandit ultrices enim. Lorem ipsum dolor sit amet, consectetuer adipiscing elit. Proin interdum mauris non ligula pellentesque ultrices. Phasellus id sapien in sapien iaculis congue.','http://dummyimage.com/243x164.png/cc0000/ffffff',68,25),(63,'Yucca baileyi Wooton & Standl. var. intermedia (Mc','Integer aliquet, massa id lobortis convallis, tortor risus dapibus augue, vel accumsan tellus nisi eu orci. Mauris lacinia sapien quis libero. Nullam sit amet turpis elementum ligula vehicula consequat. Morbi a ipsum. Integer a nibh.','http://dummyimage.com/105x222.jpg/cc0000/ffffff',6909,31),(64,'Bryum pseudotriquetrum (Hedw.) G. Gaertn., B. Mey.','Etiam vel augue. Vestibulum rutrum rutrum neque. Aenean auctor gravida sem. Praesent id massa id nisl venenatis lacinia.','http://dummyimage.com/169x164.png/dddddd/000000',9,46),(65,'Crotalaria saltiana Andrews','Quisque porta volutpat erat. Quisque erat eros, viverra eget, congue eget, semper rutrum, nulla. Nunc purus.','http://dummyimage.com/242x119.jpg/cc0000/ffffff',1,26),(66,'Tolumnia variegata (Sw.) G.J. Braem','Fusce posuere felis sed lacus.','http://dummyimage.com/102x155.png/ff4444/ffffff',1,7),(67,'Stylisma villosa (Nash) House','In blandit ultrices enim. Lorem ipsum dolor sit amet, consectetuer adipiscing elit. Proin interdum mauris non ligula pellentesque ultrices. Phasellus id sapien in sapien iaculis congue. Vivamus metus arcu, adipiscing molestie, hendrerit at, vulputate vitae, nisl. Aenean lectus. Pellentesque eget nunc. Donec quis orci eget orci vehicula condimentum. Curabitur in libero ut massa volutpat convallis. Morbi odio odio, elementum eu, interdum eu, tincidunt in, leo.','http://dummyimage.com/121x187.jpg/dddddd/000000',101,9),(68,'Myrciaria borinquena Alain','In hac habitasse platea dictumst. Etiam faucibus cursus urna. Ut tellus.','http://dummyimage.com/128x201.bmp/cc0000/ffffff',210,9),(69,'Heuchera caroliniana (Rosend., Butters & Lakela) E','Morbi porttitor lorem id ligula. Suspendisse ornare consequat lectus. In est risus, auctor sed, tristique in, tempus sit amet, sem. Fusce consequat. Nulla nisl. Nunc nisl. Duis bibendum, felis sed interdum venenatis, turpis enim blandit mi, in porttitor pede justo eu massa.','http://dummyimage.com/115x224.jpg/cc0000/ffffff',4070,15),(70,'Pertusaria albescens (Huds.) M. Choisy & Werner','Donec quis orci eget orci vehicula condimentum. Curabitur in libero ut massa volutpat convallis. Morbi odio odio, elementum eu, interdum eu, tincidunt in, leo. Maecenas pulvinar lobortis est. Phasellus sit amet erat. Nulla tempus. Vivamus in felis eu sapien cursus vestibulum. Proin eu mi.','http://dummyimage.com/238x215.jpg/cc0000/ffffff',8,30),(71,'Arctostaphylos montaraensis J.B. Roof','Fusce posuere felis sed lacus. Morbi sem mauris, laoreet ut, rhoncus aliquet, pulvinar sed, nisl. Nunc rhoncus dui vel sem. Sed sagittis. Nam congue, risus semper porta volutpat, quam pede lobortis ligula, sit amet eleifend pede libero quis orci.','http://dummyimage.com/137x186.png/dddddd/000000',6124,48),(72,'Rinodina hyperborea H. Magn.','Integer pede justo, lacinia eget, tincidunt eget, tempus vel, pede. Morbi porttitor lorem id ligula. Suspendisse ornare consequat lectus. In est risus, auctor sed, tristique in, tempus sit amet, sem. Fusce consequat. Nulla nisl. Nunc nisl. Duis bibendum, felis sed interdum venenatis, turpis enim blandit mi, in porttitor pede justo eu massa. Donec dapibus.','http://dummyimage.com/205x152.png/ff4444/ffffff',89998,35),(73,'Lastreopsis Ching','Integer ac neque.','http://dummyimage.com/182x173.jpg/dddddd/000000',1,36),(74,'Erigeron scotteri B. Boivin','Cras mi pede, malesuada in, imperdiet et, commodo vulputate, justo. In blandit ultrices enim.','http://dummyimage.com/178x235.bmp/5fa2dd/ffffff',6,23),(75,'Digitaria insularis (L.) Mez ex Ekman','Cras non velit nec nisi vulputate nonummy. Maecenas tincidunt lacus at velit. Vivamus vel nulla eget eros elementum pellentesque. Quisque porta volutpat erat. Quisque erat eros, viverra eget, congue eget, semper rutrum, nulla. Nunc purus. Phasellus in felis. Donec semper sapien a libero. Nam dui.','http://dummyimage.com/243x243.bmp/dddddd/000000',54796,16),(76,'Carex gynodynama Olney','Morbi vestibulum, velit id pretium iaculis, diam erat fermentum justo, nec condimentum neque sapien placerat ante. Nulla justo.','http://dummyimage.com/118x130.bmp/cc0000/ffffff',1,27),(77,'Houttuynia cordata Thunb.','Sed ante. Vivamus tortor. Duis mattis egestas metus. Aenean fermentum. Donec ut mauris eget massa tempor convallis. Nulla neque libero, convallis eget, eleifend luctus, ultricies eu, nibh. Quisque id justo sit amet sapien dignissim vestibulum.','http://dummyimage.com/229x205.png/ff4444/ffffff',45223,22),(78,'Bouteloua hirsuta Lag. var. hirsuta','Quisque id justo sit amet sapien dignissim vestibulum. Vestibulum ante ipsum primis in faucibus orci luctus et ultrices posuere cubilia Curae; Nulla dapibus dolor vel est. Donec odio justo, sollicitudin ut, suscipit a, feugiat et, eros. Vestibulum ac est lacinia nisi venenatis tristique. Fusce congue, diam id ornare imperdiet, sapien urna pretium nisl, ut volutpat sapien arcu sed augue. Aliquam erat volutpat. In congue.','http://dummyimage.com/174x146.png/ff4444/ffffff',39,45),(79,'Phalacroseris bolanderi A. Gray','Duis bibendum, felis sed interdum venenatis, turpis enim blandit mi, in porttitor pede justo eu massa. Donec dapibus.','http://dummyimage.com/194x248.bmp/5fa2dd/ffffff',75,42),(80,'Hieracium praealtum Vill. ex Gochnat','Duis bibendum, felis sed interdum venenatis, turpis enim blandit mi, in porttitor pede justo eu massa. Donec dapibus. Duis at velit eu est congue elementum. In hac habitasse platea dictumst. Morbi vestibulum, velit id pretium iaculis, diam erat fermentum justo, nec condimentum neque sapien placerat ante. Nulla justo.','http://dummyimage.com/118x187.jpg/dddddd/000000',8,42),(81,'Eriogonum breedlovei (J.T. Howell) Reveal var. she','Lorem ipsum dolor sit amet, consectetuer adipiscing elit. Proin interdum mauris non ligula pellentesque ultrices. Phasellus id sapien in sapien iaculis congue. Vivamus metus arcu, adipiscing molestie, hendrerit at, vulputate vitae, nisl. Aenean lectus.','http://dummyimage.com/193x205.png/5fa2dd/ffffff',42066,7),(82,'Bryonia cretica L.','Nulla nisl. Nunc nisl. Duis bibendum, felis sed interdum venenatis, turpis enim blandit mi, in porttitor pede justo eu massa. Donec dapibus. Duis at velit eu est congue elementum.','http://dummyimage.com/122x208.png/cc0000/ffffff',8,13),(83,'Penstemon bicolor (Brandegee) Clokey & D.D. Keck s','Quisque erat eros, viverra eget, congue eget, semper rutrum, nulla. Nunc purus. Phasellus in felis. Donec semper sapien a libero. Nam dui. Proin leo odio, porttitor id, consequat in, consequat ut, nulla.','http://dummyimage.com/226x191.jpg/dddddd/000000',7,31),(84,'Leptochloa fusca (L.) Kunth ssp. uninervia (J. Pre','Donec quis orci eget orci vehicula condimentum. Curabitur in libero ut massa volutpat convallis. Morbi odio odio, elementum eu, interdum eu, tincidunt in, leo. Maecenas pulvinar lobortis est. Phasellus sit amet erat. Nulla tempus. Vivamus in felis eu sapien cursus vestibulum. Proin eu mi. Nulla ac enim. In tempor, turpis nec euismod scelerisque, quam turpis adipiscing lorem, vitae mattis nibh ligula nec sem.','http://dummyimage.com/210x215.png/5fa2dd/ffffff',6,46),(85,'Polygala chapmanii Torr. & A. Gray','Vestibulum ante ipsum primis in faucibus orci luctus et ultrices posuere cubilia Curae; Duis faucibus accumsan odio. Curabitur convallis.','http://dummyimage.com/129x242.png/ff4444/ffffff',7,29),(86,'Arabis subpinnatifida S. Watson','Pellentesque eget nunc. Donec quis orci eget orci vehicula condimentum. Curabitur in libero ut massa volutpat convallis. Morbi odio odio, elementum eu, interdum eu, tincidunt in, leo. Maecenas pulvinar lobortis est. Phasellus sit amet erat. Nulla tempus.','http://dummyimage.com/100x216.jpg/cc0000/ffffff',18925,22),(87,'Episcia cupreata (Hook.) Hanst.','Proin risus. Praesent lectus. Vestibulum quam sapien, varius ut, blandit non, interdum in, ante. Vestibulum ante ipsum primis in faucibus orci luctus et ultrices posuere cubilia Curae; Duis faucibus accumsan odio. Curabitur convallis. Duis consequat dui nec nisi volutpat eleifend. Donec ut dolor. Morbi vel lectus in quam fringilla rhoncus. Mauris enim leo, rhoncus sed, vestibulum sit amet, cursus id, turpis. Integer aliquet, massa id lobortis convallis, tortor risus dapibus augue, vel accumsan tellus nisi eu orci.','http://dummyimage.com/212x105.jpg/ff4444/ffffff',3620,34),(88,'Rhynchospora fascicularis (Michx.) Vahl var. dista','Nulla neque libero, convallis eget, eleifend luctus, ultricies eu, nibh. Quisque id justo sit amet sapien dignissim vestibulum. Vestibulum ante ipsum primis in faucibus orci luctus et ultrices posuere cubilia Curae; Nulla dapibus dolor vel est. Donec odio justo, sollicitudin ut, suscipit a, feugiat et, eros.','http://dummyimage.com/134x198.png/5fa2dd/ffffff',28372,38),(89,'Chenopodium salinum Standl.','Nulla tellus. In sagittis dui vel nisl.','http://dummyimage.com/113x238.jpg/ff4444/ffffff',634,8),(90,'Thelypodium wrightii A. Gray ssp. wrightii','Proin risus.','http://dummyimage.com/119x247.jpg/cc0000/ffffff',20679,8),(91,'Heterotheca sessiliflora (Nutt.) Shinners ssp. fas','Nunc nisl. Duis bibendum, felis sed interdum venenatis, turpis enim blandit mi, in porttitor pede justo eu massa.','http://dummyimage.com/140x245.jpg/dddddd/000000',327,35),(92,'Argythamnia stahlii Urb.','Donec quis orci eget orci vehicula condimentum.','http://dummyimage.com/125x190.jpg/cc0000/ffffff',351,16),(93,'Pilea fontana (Lunell) Rydb.','Nulla nisl.','http://dummyimage.com/197x195.jpg/cc0000/ffffff',524,26),(94,'Gnaphalium palustre Nutt.','Maecenas tincidunt lacus at velit. Vivamus vel nulla eget eros elementum pellentesque. Quisque porta volutpat erat.','http://dummyimage.com/144x166.bmp/cc0000/ffffff',546,27),(95,'Lupinus kingii S. Watson var. argillaceus (Wooton ','Curabitur in libero ut massa volutpat convallis. Morbi odio odio, elementum eu, interdum eu, tincidunt in, leo. Maecenas pulvinar lobortis est. Phasellus sit amet erat. Nulla tempus. Vivamus in felis eu sapien cursus vestibulum. Proin eu mi. Nulla ac enim. In tempor, turpis nec euismod scelerisque, quam turpis adipiscing lorem, vitae mattis nibh ligula nec sem. Duis aliquam convallis nunc.','http://dummyimage.com/181x184.png/5fa2dd/ffffff',1330,28),(96,'Prunus ×pugetensis Jacobson & Zika','Vestibulum sed magna at nunc commodo placerat.','http://dummyimage.com/247x144.bmp/cc0000/ffffff',17,6),(97,'Bidens aurea (Aiton) Sherff','Vestibulum sed magna at nunc commodo placerat. Praesent blandit. Nam nulla. Integer pede justo, lacinia eget, tincidunt eget, tempus vel, pede. Morbi porttitor lorem id ligula. Suspendisse ornare consequat lectus. In est risus, auctor sed, tristique in, tempus sit amet, sem. Fusce consequat. Nulla nisl.','http://dummyimage.com/158x100.jpg/cc0000/ffffff',9,49),(98,'Grindelia arizonica A. Gray var. neomexicana (Woot','Duis ac nibh. Fusce lacus purus, aliquet at, feugiat non, pretium quis, lectus. Suspendisse potenti. In eleifend quam a odio. In hac habitasse platea dictumst.','http://dummyimage.com/214x112.jpg/cc0000/ffffff',286,35),(99,'Pohlia cruda (Hedw.) Lindb.','Vestibulum ante ipsum primis in faucibus orci luctus et ultrices posuere cubilia Curae; Donec pharetra, magna vestibulum aliquet ultrices, erat tortor sollicitudin mi, sit amet lobortis sapien sapien non mi. Integer ac neque. Duis bibendum. Morbi non quam nec dui luctus rutrum. Nulla tellus. In sagittis dui vel nisl. Duis ac nibh. Fusce lacus purus, aliquet at, feugiat non, pretium quis, lectus.','http://dummyimage.com/207x232.jpg/dddddd/000000',93,9),(100,'Oenanthe sarmentosa C. Presl ex DC.','Quisque arcu libero, rutrum ac, lobortis vel, dapibus at, diam.','http://dummyimage.com/240x148.png/ff4444/ffffff',56498,22);
/*!40000 ALTER TABLE `guide` ENABLE KEYS */;
UNLOCK TABLES;

--
-- Table structure for table `user`
--

DROP TABLE IF EXISTS `user`;
/*!40101 SET @saved_cs_client     = @@character_set_client */;
/*!40101 SET character_set_client = utf8 */;
CREATE TABLE `user` (
  `id` int(11) NOT NULL AUTO_INCREMENT,
  `username` varchar(50) COLLATE utf8mb4_unicode_ci DEFAULT NULL,
  `password` varchar(50) COLLATE utf8mb4_unicode_ci DEFAULT NULL,
  `is_active` tinyint(1) DEFAULT '1',
  PRIMARY KEY (`id`)
) ENGINE=InnoDB AUTO_INCREMENT=53 DEFAULT CHARSET=utf8mb4 COLLATE=utf8mb4_unicode_ci;
/*!40101 SET character_set_client = @saved_cs_client */;

--
-- Dumping data for table `user`
--

LOCK TABLES `user` WRITE;
/*!40000 ALTER TABLE `user` DISABLE KEYS */;
INSERT INTO `user` VALUES (1,'stschersich0','cCJoyS6m',1),(2,'awalthall1','kNqtdW',1),(3,'mmyton2','PNnbCzrXl6NM',1),(4,'vperocci3','emTShchAOM',1),(5,'vnewns4','ATzkPVKvE',1),(6,'fkaygill5','81PGaPM',1),(7,'mbeinisch6','XY4qAXhYOdN',1),(8,'gharrild7','ScoKQiWX',1),(9,'rquin8','Lr1aqHM',1),(10,'gwillshee9','gsjXa0YWiZGv',1),(11,'cgodlemana','VaY5c8P6LeC',1),(12,'mlysaghtb','Z0qlzxN',1),(13,'ajoanaudc','mB6YFwpHMs',1),(14,'rswinfordd','REhLHCOI',1),(15,'agiraudoe','XoEKUeX',1),(16,'vlorrainf','Q2CG2CQK8G5',1),(17,'fmacmayking','A3HysBgu',1),(18,'nsackerh','dXqN0ZzoRLE',1),(19,'inouryi','qVL44C',1),(20,'spfeffelj','wtmW0bjn3Ix',1),(21,'chawfordk','ADM5aJITx7g',1),(22,'tlevingel','1CAJf9Mr',1),(23,'fmackeeverm','r5dvXZBl5',1),(24,'omccurrien','fpvgCI',1),(25,'llarensono','ryRtOXF0S',1),(26,'olongworthp','lD64nibpf',1),(27,'mfraryq','joBn7or2FTLx',1),(28,'dbonnickr','Mwo25rL8',1),(29,'csamudios','uBr3msMjk7o',1),(30,'snancet','tDi8pXYdV',1),(31,'bgalvinu','MVkZwxUWbl5A',1),(32,'pfritzerv','O727vwo7KLsO',1),(33,'ltenchw','TF5tzrFXWNdg',1),(34,'sbedellsx','LTWK4T',1),(35,'khodginy','rTLwiV3K5aU',1),(36,'scapplemanz','dSs9FMExttl',1),(37,'croutledge10','JoVYOAQwJbXy',1),(38,'irearden11','owyoQcyPAzQY',1),(39,'arimbault12','XL4tmEH',1),(40,'cghidoli13','fgRkaE',1),(41,'hgoodrick14','UZjyjxI72Qiy',1),(42,'midiens15','z2taKMoc',1),(43,'pstubbins16','F7EubZMvL',1),(44,'rcolegrove17','iJgTVUtRciqD',1),(45,'dsabin18','Zm8kvxpMvR1',1),(46,'mhurtado19','EnWpV68f2JzS',1),(47,'cconyard1a','lbFtYzfx4B',1),(48,'hmowling1b','2ebNvbHY8',1),(49,'jwormell1c','pJSSGfgAnhy',1),(50,'jrignoldes1d','HmE2ne0yFZat',1),(51,'cconyard1a','lbFtYzfx4B',1),(52,'bak','rambo',1);
/*!40000 ALTER TABLE `user` ENABLE KEYS */;
UNLOCK TABLES;
/*!40103 SET TIME_ZONE=@OLD_TIME_ZONE */;

/*!40101 SET SQL_MODE=@OLD_SQL_MODE */;
/*!40014 SET FOREIGN_KEY_CHECKS=@OLD_FOREIGN_KEY_CHECKS */;
/*!40014 SET UNIQUE_CHECKS=@OLD_UNIQUE_CHECKS */;
/*!40101 SET CHARACTER_SET_CLIENT=@OLD_CHARACTER_SET_CLIENT */;
/*!40101 SET CHARACTER_SET_RESULTS=@OLD_CHARACTER_SET_RESULTS */;
/*!40101 SET COLLATION_CONNECTION=@OLD_COLLATION_CONNECTION */;
/*!40111 SET SQL_NOTES=@OLD_SQL_NOTES */;

-- Dump completed on 2018-08-07 15:30:49
